,pdb,complex,labels,chain_prot1,chain_prot2,ab_chain,ag_chain,pdb_wt,pdb_mut
112042,6x98,6x98_TE98V,-1.1149000000000004,FE,C,FE,C,example/ddg_synthetic/FoldX/example_train/data/pdb_wt/6x98.pdb,example/ddg_synthetic/FoldX/example_train/data/pdb_mut/6x98_FE_C_TE98V.pdb
46008,5w23,5w23_DH51L,0.8132000000000019,HL,C,HL,C,example/ddg_synthetic/FoldX/example_train/data/pdb_wt/5w23.pdb,example/ddg_synthetic/FoldX/example_train/data/pdb_mut/5w23_HL_C_DH51L.pdb
577823,4w6w,4w6w_NA111S,0.2847599999999994,B,A,B,A,example/ddg_synthetic/FoldX/example_train/data/pdb_wt/4w6w.pdb,example/ddg_synthetic/FoldX/example_train/data/pdb_mut/4w6w_B_A_NA111S.pdb
424150,7m6i,7m6i_FM55P,-2.2088,MN,A,MN,A,example/ddg_synthetic/FoldX/example_train/data/pdb_wt/7m6i.pdb,example/ddg_synthetic/FoldX/example_train/data/pdb_mut/7m6i_MN_A_FM55P.pdb
632199,4dtg,4dtg_YK22M,-0.6476000000000006,HL,K,HL,K,example/ddg_synthetic/FoldX/example_train/data/pdb_wt/4dtg.pdb,example/ddg_synthetic/FoldX/example_train/data/pdb_mut/4dtg_HL_K_YK22M.pdb
423690,5c8j,5c8j_YE57I,-1.36635,EF,J,EF,J,example/ddg_synthetic/FoldX/example_train/data/pdb_wt/5c8j.pdb,example/ddg_synthetic/FoldX/example_train/data/pdb_mut/5c8j_EF_J_YE57I.pdb
125232,4utb,4utb_TB65D,-0.35792,IM,B,IM,B,example/ddg_synthetic/FoldX/example_train/data/pdb_wt/4utb.pdb,example/ddg_synthetic/FoldX/example_train/data/pdb_mut/4utb_IM_B_TB65D.pdb
179365,2xqy,2xqy_YG103Q,-2.3439,GL,A,GL,A,example/ddg_synthetic/FoldX/example_train/data/pdb_wt/2xqy.pdb,example/ddg_synthetic/FoldX/example_train/data/pdb_mut/2xqy_GL_A_YG103Q.pdb
700039,3qsk,3qsk_YB33D,-0.1595000000000013,B,A,B,A,example/ddg_synthetic/FoldX/example_train/data/pdb_wt/3qsk.pdb,example/ddg_synthetic/FoldX/example_train/data/pdb_mut/3qsk_B_A_YB33D.pdb
228723,6ayz,6ayz_YR54R,-4.092300000000002,RC,M,RC,M,example/ddg_synthetic/FoldX/example_train/data/pdb_wt/6ayz.pdb,example/ddg_synthetic/FoldX/example_train/data/pdb_mut/6ayz_RC_M_YR54R.pdb
217647,7lcv,7lcv_YA104N,-0.7409999999999997,AB,C,AB,C,example/ddg_synthetic/FoldX/example_train/data/pdb_wt/7lcv.pdb,example/ddg_synthetic/FoldX/example_train/data/pdb_mut/7lcv_AB_C_YA104N.pdb
495132,6woq,6woq_AG50M,0.2239000000000004,GH,F,GH,F,example/ddg_synthetic/FoldX/example_train/data/pdb_wt/6woq.pdb,example/ddg_synthetic/FoldX/example_train/data/pdb_mut/6woq_GH_F_AG50M.pdb
97734,7pij,7pij_PB265Y,-0.3184499999999994,N,B,N,B,example/ddg_synthetic/FoldX/example_train/data/pdb_wt/7pij.pdb,example/ddg_synthetic/FoldX/example_train/data/pdb_mut/7pij_N_B_PB265Y.pdb
218422,2xqb,2xqb_LH105Y,-0.9953000000000004,HL,A,HL,A,example/ddg_synthetic/FoldX/example_train/data/pdb_wt/2xqb.pdb,example/ddg_synthetic/FoldX/example_train/data/pdb_mut/2xqb_HL_A_LH105Y.pdb
544298,6x06,6x06_GK98Q,-0.5690999999999988,K,A,K,A,example/ddg_synthetic/FoldX/example_train/data/pdb_wt/6x06.pdb,example/ddg_synthetic/FoldX/example_train/data/pdb_mut/6x06_K_A_GK98Q.pdb
436294,5e5m,5e5m_EG54W,-1.2124999999999986,H,G,H,G,example/ddg_synthetic/FoldX/example_train/data/pdb_wt/5e5m.pdb,example/ddg_synthetic/FoldX/example_train/data/pdb_mut/5e5m_H_G_EG54W.pdb
411360,7d6i,7d6i_AA40K,-0.8101200000000004,BC,A,BC,A,example/ddg_synthetic/FoldX/example_train/data/pdb_wt/7d6i.pdb,example/ddg_synthetic/FoldX/example_train/data/pdb_mut/7d6i_BC_A_AA40K.pdb
542379,3eob,3eob_YA49Q,-0.2807700000000004,BA,J,BA,J,example/ddg_synthetic/FoldX/example_train/data/pdb_wt/3eob.pdb,example/ddg_synthetic/FoldX/example_train/data/pdb_mut/3eob_BA_J_YA49Q.pdb
434868,3lev,3lev_PH103T,0.5678999999999981,HL,A,HL,A,example/ddg_synthetic/FoldX/example_train/data/pdb_wt/3lev.pdb,example/ddg_synthetic/FoldX/example_train/data/pdb_mut/3lev_HL_A_PH103T.pdb
579064,3u9p,3u9p_LC8R,-2.8079,KM,C,KM,C,example/ddg_synthetic/FoldX/example_train/data/pdb_wt/3u9p.pdb,example/ddg_synthetic/FoldX/example_train/data/pdb_mut/3u9p_KM_C_LC8R.pdb
83480,7l0n,7l0n_FS50P,-0.1853999999999995,MN,S,MN,S,example/ddg_synthetic/FoldX/example_train/data/pdb_wt/7l0n.pdb,example/ddg_synthetic/FoldX/example_train/data/pdb_mut/7l0n_MN_S_FS50P.pdb
651572,7mf1,7mf1_SA161Q,-0.8232999999999997,HL,A,HL,A,example/ddg_synthetic/FoldX/example_train/data/pdb_wt/7mf1.pdb,example/ddg_synthetic/FoldX/example_train/data/pdb_mut/7mf1_HL_A_SA161Q.pdb
28447,2kh2,2kh2_AA1Q,0.00659,B,A,B,A,example/ddg_synthetic/FoldX/example_train/data/pdb_wt/2kh2.pdb,example/ddg_synthetic/FoldX/example_train/data/pdb_mut/2kh2_B_A_AA1Q.pdb
307357,4dk3,4dk3_TA108F,-6.980799999999999,A,C,A,C,example/ddg_synthetic/FoldX/example_train/data/pdb_wt/4dk3.pdb,example/ddg_synthetic/FoldX/example_train/data/pdb_mut/4dk3_A_C_TA108F.pdb
468147,1fe8,1fe8_RC107G,-0.4542999999999999,JN,C,JN,C,example/ddg_synthetic/FoldX/example_train/data/pdb_wt/1fe8.pdb,example/ddg_synthetic/FoldX/example_train/data/pdb_mut/1fe8_JN_C_RC107G.pdb
45176,7l7r,7l7r_LB103P,-0.3612000000000002,BA,G,BA,G,example/ddg_synthetic/FoldX/example_train/data/pdb_wt/7l7r.pdb,example/ddg_synthetic/FoldX/example_train/data/pdb_mut/7l7r_BA_G_LB103P.pdb
532021,6wio,6wio_GB93N,-0.0754000000000001,AB,C,AB,C,example/ddg_synthetic/FoldX/example_train/data/pdb_wt/6wio.pdb,example/ddg_synthetic/FoldX/example_train/data/pdb_mut/6wio_AB_C_GB93N.pdb
284912,5tud,5tud_TC104G,-2.0115000000000016,CB,A,CB,A,example/ddg_synthetic/FoldX/example_train/data/pdb_wt/5tud.pdb,example/ddg_synthetic/FoldX/example_train/data/pdb_mut/5tud_CB_A_TC104G.pdb
736615,4lsu,4lsu_NG315Q,1.964500000000001,HL,G,HL,G,example/ddg_synthetic/FoldX/example_train/data/pdb_wt/4lsu.pdb,example/ddg_synthetic/FoldX/example_train/data/pdb_mut/4lsu_HL_G_NG315Q.pdb
344701,7tzg,7tzg_QC314D,0.93241,B,C,B,C,example/ddg_synthetic/FoldX/example_train/data/pdb_wt/7tzg.pdb,example/ddg_synthetic/FoldX/example_train/data/pdb_mut/7tzg_B_C_QC314D.pdb
84323,6uc6,6uc6_IB327R,-0.8220999999999989,D,B,D,B,example/ddg_synthetic/FoldX/example_train/data/pdb_wt/6uc6.pdb,example/ddg_synthetic/FoldX/example_train/data/pdb_mut/6uc6_D_B_IB327R.pdb
700378,3qsk,3qsk_NA66A,0.1448,B,A,B,A,example/ddg_synthetic/FoldX/example_train/data/pdb_wt/3qsk.pdb,example/ddg_synthetic/FoldX/example_train/data/pdb_mut/3qsk_B_A_NA66A.pdb
290724,4k8r,4k8r_YD58Q,-1.5509000000000004,DC,B,DC,B,example/ddg_synthetic/FoldX/example_train/data/pdb_wt/4k8r.pdb,example/ddg_synthetic/FoldX/example_train/data/pdb_mut/4k8r_DC_B_YD58Q.pdb
131565,7swd,7swd_HI148L,0.8834799999999996,I,B,I,B,example/ddg_synthetic/FoldX/example_train/data/pdb_wt/7swd.pdb,example/ddg_synthetic/FoldX/example_train/data/pdb_mut/7swd_I_B_HI148L.pdb
676096,6nf5,6nf5_HC280A,-0.9296000000000006,EF,C,EF,C,example/ddg_synthetic/FoldX/example_train/data/pdb_wt/6nf5.pdb,example/ddg_synthetic/FoldX/example_train/data/pdb_mut/6nf5_EF_C_HC280A.pdb
169544,5jmo,5jmo_NA449H,-0.3350000000000008,C,A,C,A,example/ddg_synthetic/FoldX/example_train/data/pdb_wt/5jmo.pdb,example/ddg_synthetic/FoldX/example_train/data/pdb_mut/5jmo_C_A_NA449H.pdb
521808,6ln2,6ln2_YB93K,-1.7653,CB,A,CB,A,example/ddg_synthetic/FoldX/example_train/data/pdb_wt/6ln2.pdb,example/ddg_synthetic/FoldX/example_train/data/pdb_mut/6ln2_CB_A_YB93K.pdb
488155,5otj,5otj_QC39H,0.3374000000000006,HL,C,HL,C,example/ddg_synthetic/FoldX/example_train/data/pdb_wt/5otj.pdb,example/ddg_synthetic/FoldX/example_train/data/pdb_mut/5otj_HL_C_QC39H.pdb
534880,5wb9,5wb9_LH54M,0.3309800000000003,HL,G,HL,G,example/ddg_synthetic/FoldX/example_train/data/pdb_wt/5wb9.pdb,example/ddg_synthetic/FoldX/example_train/data/pdb_mut/5wb9_HL_G_LH54M.pdb
438010,7mjj,7mjj_TA371D,0.3161999999999985,DE,A,DE,A,example/ddg_synthetic/FoldX/example_train/data/pdb_wt/7mjj.pdb,example/ddg_synthetic/FoldX/example_train/data/pdb_mut/7mjj_DE_A_TA371D.pdb
680306,6flc,6flc_HH106M,1.1682999999999986,HL,G,HL,G,example/ddg_synthetic/FoldX/example_train/data/pdb_wt/6flc.pdb,example/ddg_synthetic/FoldX/example_train/data/pdb_mut/6flc_HL_G_HH106M.pdb
24314,7cyv,7cyv_RB22P,-1.98143,H,B,H,B,example/ddg_synthetic/FoldX/example_train/data/pdb_wt/7cyv.pdb,example/ddg_synthetic/FoldX/example_train/data/pdb_mut/7cyv_H_B_RB22P.pdb
387981,6n8d,6n8d_IE31R,-0.0719799999999999,FE,C,FE,C,example/ddg_synthetic/FoldX/example_train/data/pdb_wt/6n8d.pdb,example/ddg_synthetic/FoldX/example_train/data/pdb_mut/6n8d_FE_C_IE31R.pdb
311221,2r0l,2r0l_RH102N,-0.7103000000000002,HL,A,HL,A,example/ddg_synthetic/FoldX/example_train/data/pdb_wt/2r0l.pdb,example/ddg_synthetic/FoldX/example_train/data/pdb_mut/2r0l_HL_A_RH102N.pdb
337107,7chs,7chs_YE89I,-1.0446999999999989,HL,E,HL,E,example/ddg_synthetic/FoldX/example_train/data/pdb_wt/7chs.pdb,example/ddg_synthetic/FoldX/example_train/data/pdb_mut/7chs_HL_E_YE89I.pdb
655205,4k24,4k24_IH100L,-0.9524199999999996,HL,U,HL,U,example/ddg_synthetic/FoldX/example_train/data/pdb_wt/4k24.pdb,example/ddg_synthetic/FoldX/example_train/data/pdb_mut/4k24_HL_U_IH100L.pdb
345335,3bn9,3bn9_NA90K,-1.4921000000000006,FE,A,FE,A,example/ddg_synthetic/FoldX/example_train/data/pdb_wt/3bn9.pdb,example/ddg_synthetic/FoldX/example_train/data/pdb_mut/3bn9_FE_A_NA90K.pdb
60090,7c01,7c01_GA170F,1.0479999999999985,HL,A,HL,A,example/ddg_synthetic/FoldX/example_train/data/pdb_wt/7c01.pdb,example/ddg_synthetic/FoldX/example_train/data/pdb_mut/7c01_HL_A_GA170F.pdb
48697,6n81,6n81_EB240A,-0.0469000000000008,CD,B,CD,B,example/ddg_synthetic/FoldX/example_train/data/pdb_wt/6n81.pdb,example/ddg_synthetic/FoldX/example_train/data/pdb_mut/6n81_CD_B_EB240A.pdb
207841,7bep,7bep_CC30A,-0.0457999999999998,GI,C,GI,C,example/ddg_synthetic/FoldX/example_train/data/pdb_wt/7bep.pdb,example/ddg_synthetic/FoldX/example_train/data/pdb_mut/7bep_GI_C_CC30A.pdb
450270,7ldj,7ldj_DE30I,0.0968000000000017,E,B,E,B,example/ddg_synthetic/FoldX/example_train/data/pdb_wt/7ldj.pdb,example/ddg_synthetic/FoldX/example_train/data/pdb_mut/7ldj_E_B_DE30I.pdb
694585,5f6j,5f6j_SB54N,-0.20018,BA,G,BA,G,example/ddg_synthetic/FoldX/example_train/data/pdb_wt/5f6j.pdb,example/ddg_synthetic/FoldX/example_train/data/pdb_mut/5f6j_BA_G_SB54N.pdb
38847,4hj0,4hj0_AC102M,-2.702300000000001,CD,B,CD,B,example/ddg_synthetic/FoldX/example_train/data/pdb_wt/4hj0.pdb,example/ddg_synthetic/FoldX/example_train/data/pdb_mut/4hj0_CD_B_AC102M.pdb
545751,6bkd,6bkd_LE7S,-2.51303,HL,E,HL,E,example/ddg_synthetic/FoldX/example_train/data/pdb_wt/6bkd.pdb,example/ddg_synthetic/FoldX/example_train/data/pdb_mut/6bkd_HL_E_LE7S.pdb
490260,7q9g,7q9g_TB470D,0.1243000000000016,EF,B,EF,B,example/ddg_synthetic/FoldX/example_train/data/pdb_wt/7q9g.pdb,example/ddg_synthetic/FoldX/example_train/data/pdb_mut/7q9g_EF_B_TB470D.pdb
49767,6xkq,6xkq_DH110G,-0.2361000000000004,HL,A,HL,A,example/ddg_synthetic/FoldX/example_train/data/pdb_wt/6xkq.pdb,example/ddg_synthetic/FoldX/example_train/data/pdb_mut/6xkq_HL_A_DH110G.pdb
628163,7d5p,7d5p_NB251Q,0.2545000000000001,D,B,D,B,example/ddg_synthetic/FoldX/example_train/data/pdb_wt/7d5p.pdb,example/ddg_synthetic/FoldX/example_train/data/pdb_mut/7d5p_D_B_NB251Q.pdb
506662,5d72,5d72_KL50H,0.0904000000000024,HL,A,HL,A,example/ddg_synthetic/FoldX/example_train/data/pdb_wt/5d72.pdb,example/ddg_synthetic/FoldX/example_train/data/pdb_mut/5d72_HL_A_KL50H.pdb
572648,6ysq,6ysq_GA565H,-1.3896999999999995,C,A,C,A,example/ddg_synthetic/FoldX/example_train/data/pdb_wt/6ysq.pdb,example/ddg_synthetic/FoldX/example_train/data/pdb_mut/6ysq_C_A_GA565H.pdb
628831,6iap,6iap_LA42G,1.1931000000000012,ED,A,ED,A,example/ddg_synthetic/FoldX/example_train/data/pdb_wt/6iap.pdb,example/ddg_synthetic/FoldX/example_train/data/pdb_mut/6iap_ED_A_LA42G.pdb
727850,3rvv,3rvv_YA204W,-1.6927000000000003,DC,A,DC,A,example/ddg_synthetic/FoldX/example_train/data/pdb_wt/3rvv.pdb,example/ddg_synthetic/FoldX/example_train/data/pdb_mut/3rvv_DC_A_YA204W.pdb
612697,7dkj,7dkj_YL49C,-1.8367000000000004,KL,I,KL,I,example/ddg_synthetic/FoldX/example_train/data/pdb_wt/7dkj.pdb,example/ddg_synthetic/FoldX/example_train/data/pdb_mut/7dkj_KL_I_YL49C.pdb
319376,6p50,6p50_EC33Q,-0.9056500000000004,HL,C,HL,C,example/ddg_synthetic/FoldX/example_train/data/pdb_wt/6p50.pdb,example/ddg_synthetic/FoldX/example_train/data/pdb_mut/6p50_HL_C_EC33Q.pdb
175832,7cwn,7cwn_QC394G,-0.2027000000000001,HN,C,HN,C,example/ddg_synthetic/FoldX/example_train/data/pdb_wt/7cwn.pdb,example/ddg_synthetic/FoldX/example_train/data/pdb_mut/7cwn_HN_C_QC394G.pdb
634510,3v7a,3v7a_RB255E,-2.1525,FG,B,FG,B,example/ddg_synthetic/FoldX/example_train/data/pdb_wt/3v7a.pdb,example/ddg_synthetic/FoldX/example_train/data/pdb_mut/3v7a_FG_B_RB255E.pdb
325830,6uta,6uta_GH56V,0.8255499999999998,HL,E,HL,E,example/ddg_synthetic/FoldX/example_train/data/pdb_wt/6uta.pdb,example/ddg_synthetic/FoldX/example_train/data/pdb_mut/6uta_HL_E_GH56V.pdb
645763,5x8l,5x8l_EC28K,0.7553999999999981,HM,C,HM,C,example/ddg_synthetic/FoldX/example_train/data/pdb_wt/5x8l.pdb,example/ddg_synthetic/FoldX/example_train/data/pdb_mut/5x8l_HM_C_EC28K.pdb
183034,7nqa,7nqa_FB147G,-1.0151999999999963,C,B,C,B,example/ddg_synthetic/FoldX/example_train/data/pdb_wt/7nqa.pdb,example/ddg_synthetic/FoldX/example_train/data/pdb_mut/7nqa_C_B_FB147G.pdb
25960,4ut6,4ut6_YI109E,1.14203,IM,B,IM,B,example/ddg_synthetic/FoldX/example_train/data/pdb_wt/4ut6.pdb,example/ddg_synthetic/FoldX/example_train/data/pdb_mut/4ut6_IM_B_YI109E.pdb
656491,2ghw,2ghw_YC174D,-3.2280999999999995,D,C,D,C,example/ddg_synthetic/FoldX/example_train/data/pdb_wt/2ghw.pdb,example/ddg_synthetic/FoldX/example_train/data/pdb_mut/2ghw_D_C_YC174D.pdb
204237,7tpr,7tpr_IC404E,-0.2430999999999983,E,C,E,C,example/ddg_synthetic/FoldX/example_train/data/pdb_wt/7tpr.pdb,example/ddg_synthetic/FoldX/example_train/data/pdb_mut/7tpr_E_C_IC404E.pdb
560332,6n5b,6n5b_VB169D,-1.539200000000001,HL,B,HL,B,example/ddg_synthetic/FoldX/example_train/data/pdb_wt/6n5b.pdb,example/ddg_synthetic/FoldX/example_train/data/pdb_mut/6n5b_HL_B_VB169D.pdb
562979,5eu7,5eu7_RB122L,0.2753000000000014,FD,B,FD,B,example/ddg_synthetic/FoldX/example_train/data/pdb_wt/5eu7.pdb,example/ddg_synthetic/FoldX/example_train/data/pdb_mut/5eu7_FD_B_RB122L.pdb
463934,5f7l,5f7l_GD26M,4.269469999999998,D,C,D,C,example/ddg_synthetic/FoldX/example_train/data/pdb_wt/5f7l.pdb,example/ddg_synthetic/FoldX/example_train/data/pdb_mut/5f7l_D_C_GD26M.pdb
228781,6ayz,6ayz_SR59N,0.8746000000000009,RC,M,RC,M,example/ddg_synthetic/FoldX/example_train/data/pdb_wt/6ayz.pdb,example/ddg_synthetic/FoldX/example_train/data/pdb_mut/6ayz_RC_M_SR59N.pdb
410274,5hdq,5hdq_EA228H,-0.2323000000000004,HL,A,HL,A,example/ddg_synthetic/FoldX/example_train/data/pdb_wt/5hdq.pdb,example/ddg_synthetic/FoldX/example_train/data/pdb_mut/5hdq_HL_A_EA228H.pdb
696784,6k65,6k65_AA45W,-1.3877000000000024,HL,A,HL,A,example/ddg_synthetic/FoldX/example_train/data/pdb_wt/6k65.pdb,example/ddg_synthetic/FoldX/example_train/data/pdb_mut/6k65_HL_A_AA45W.pdb
459404,7b3o,7b3o_DE86C,-0.9164999999999992,HL,E,HL,E,example/ddg_synthetic/FoldX/example_train/data/pdb_wt/7b3o.pdb,example/ddg_synthetic/FoldX/example_train/data/pdb_mut/7b3o_HL_E_DE86C.pdb
218962,2xqb,2xqb_IA64E,-1.0822000000000005,HL,A,HL,A,example/ddg_synthetic/FoldX/example_train/data/pdb_wt/2xqb.pdb,example/ddg_synthetic/FoldX/example_train/data/pdb_mut/2xqb_HL_A_IA64E.pdb
400297,6apd,6apd_YK59Q,-0.7714999999999996,KM,B,KM,B,example/ddg_synthetic/FoldX/example_train/data/pdb_wt/6apd.pdb,example/ddg_synthetic/FoldX/example_train/data/pdb_mut/6apd_KM_B_YK59Q.pdb
696372,4j6r,4j6r_GG324D,-0.3566199999999995,HL,G,HL,G,example/ddg_synthetic/FoldX/example_train/data/pdb_wt/4j6r.pdb,example/ddg_synthetic/FoldX/example_train/data/pdb_mut/4j6r_HL_G_GG324D.pdb
402976,6ieb,6ieb_GF25Q,2.55689,EF,B,EF,B,example/ddg_synthetic/FoldX/example_train/data/pdb_wt/6ieb.pdb,example/ddg_synthetic/FoldX/example_train/data/pdb_mut/6ieb_EF_B_GF25Q.pdb
568373,5k9q,5k9q_WR17G,-0.2967999999999993,XY,R,XY,R,example/ddg_synthetic/FoldX/example_train/data/pdb_wt/5k9q.pdb,example/ddg_synthetic/FoldX/example_train/data/pdb_mut/5k9q_XY_R_WR17G.pdb
685164,7bei,7bei_SL30Q,0.4602000000000004,HL,E,HL,E,example/ddg_synthetic/FoldX/example_train/data/pdb_wt/7bei.pdb,example/ddg_synthetic/FoldX/example_train/data/pdb_mut/7bei_HL_E_SL30Q.pdb
74171,4xnz,4xnz_RB27S,-0.1180000000000003,BC,A,BC,A,example/ddg_synthetic/FoldX/example_train/data/pdb_wt/4xnz.pdb,example/ddg_synthetic/FoldX/example_train/data/pdb_mut/4xnz_BC_A_RB27S.pdb
496008,4hg4,4hg4_KH153P,2.37666,XY,H,XY,H,example/ddg_synthetic/FoldX/example_train/data/pdb_wt/4hg4.pdb,example/ddg_synthetic/FoldX/example_train/data/pdb_mut/4hg4_XY_H_KH153P.pdb
229737,6pzf,6pzf_DA258I,0.2234000000000016,HL,A,HL,A,example/ddg_synthetic/FoldX/example_train/data/pdb_wt/6pzf.pdb,example/ddg_synthetic/FoldX/example_train/data/pdb_mut/6pzf_HL_A_DA258I.pdb
517262,4yc2,4yc2_QA70G,0.0659999999999989,BC,A,BC,A,example/ddg_synthetic/FoldX/example_train/data/pdb_wt/4yc2.pdb,example/ddg_synthetic/FoldX/example_train/data/pdb_mut/4yc2_BC_A_QA70G.pdb
100995,6dfj,6dfj_GE86K,-6.0883,HL,E,HL,E,example/ddg_synthetic/FoldX/example_train/data/pdb_wt/6dfj.pdb,example/ddg_synthetic/FoldX/example_train/data/pdb_mut/6dfj_HL_E_GE86K.pdb
491272,4g6m,4g6m_YA89H,-0.049599999999998,HL,A,HL,A,example/ddg_synthetic/FoldX/example_train/data/pdb_wt/4g6m.pdb,example/ddg_synthetic/FoldX/example_train/data/pdb_mut/4g6m_HL_A_YA89H.pdb
186748,6d2p,6d2p_GC139W,0.1855999999999991,HL,C,HL,C,example/ddg_synthetic/FoldX/example_train/data/pdb_wt/6d2p.pdb,example/ddg_synthetic/FoldX/example_train/data/pdb_mut/6d2p_HL_C_GC139W.pdb
213544,7oan,7oan_HG32D,-0.3268599999999999,G,B,G,B,example/ddg_synthetic/FoldX/example_train/data/pdb_wt/7oan.pdb,example/ddg_synthetic/FoldX/example_train/data/pdb_mut/7oan_G_B_HG32D.pdb
309583,7c2l,7c2l_KA137W,-0.7896999999999998,HL,A,HL,A,example/ddg_synthetic/FoldX/example_train/data/pdb_wt/7c2l.pdb,example/ddg_synthetic/FoldX/example_train/data/pdb_mut/7c2l_HL_A_KA137W.pdb
429146,3ux9,3ux9_PA18M,-0.7378999999999998,B,A,B,A,example/ddg_synthetic/FoldX/example_train/data/pdb_wt/3ux9.pdb,example/ddg_synthetic/FoldX/example_train/data/pdb_mut/3ux9_B_A_PA18M.pdb
52187,1jhl,1jhl_KA116P,-2.59312,HL,A,HL,A,example/ddg_synthetic/FoldX/example_train/data/pdb_wt/1jhl.pdb,example/ddg_synthetic/FoldX/example_train/data/pdb_mut/1jhl_HL_A_KA116P.pdb
556476,6vo1,6vo1_YH33C,-1.4803999999999995,HL,A,HL,A,example/ddg_synthetic/FoldX/example_train/data/pdb_wt/6vo1.pdb,example/ddg_synthetic/FoldX/example_train/data/pdb_mut/6vo1_HL_A_YH33C.pdb
506616,5d72,5d72_YL33A,0.2782000000000018,HL,A,HL,A,example/ddg_synthetic/FoldX/example_train/data/pdb_wt/5d72.pdb,example/ddg_synthetic/FoldX/example_train/data/pdb_mut/5d72_HL_A_YL33A.pdb
397708,4j4p,4j4p_DL98A,0.1711000000000009,HL,A,HL,A,example/ddg_synthetic/FoldX/example_train/data/pdb_wt/4j4p.pdb,example/ddg_synthetic/FoldX/example_train/data/pdb_mut/4j4p_HL_A_DL98A.pdb
483862,5f7n,5f7n_GA396I,-18.416294,C,A,C,A,example/ddg_synthetic/FoldX/example_train/data/pdb_wt/5f7n.pdb,example/ddg_synthetic/FoldX/example_train/data/pdb_mut/5f7n_C_A_GA396I.pdb
34422,1mel,1mel_IL58P,0.2406000000000006,A,L,A,L,example/ddg_synthetic/FoldX/example_train/data/pdb_wt/1mel.pdb,example/ddg_synthetic/FoldX/example_train/data/pdb_mut/1mel_A_L_IL58P.pdb
