pdb,complex,labels,chain_prot1,chain_prot2,ab_chain,ag_chain,fold_id
1ak4,1AK4_AD88G,-2.49,A,D,A,D,6
1ak4,1AK4_AD88V,-0.6,A,D,A,D,0
1ak4,1AK4_AD92G,-0.41,A,D,A,D,3
1ak4,1AK4_AD92V,-0.19,A,D,A,D,6
1ak4,1AK4_GD89A,-1.91,A,D,A,D,7
1ak4,1AK4_GD89V,-2.86,A,D,A,D,0
1ak4,1AK4_HD87A,-0.84,A,D,A,D,4
1ak4,1AK4_HD87Q,-0.8,A,D,A,D,7
1ak4,1AK4_HD87R,-1.48,A,D,A,D,1
1ak4,1AK4_ID91A,-0.07,A,D,A,D,1
1ak4,1AK4_ID91V,0.17,A,D,A,D,2
1ak4,1AK4_PD85A,-0.92,A,D,A,D,9
1ak4,1AK4_PD90A,-2.0,A,D,A,D,4
1ak4,1AK4_PD90V,-2.86,A,D,A,D,7
1ak4,1AK4_PD93A,-0.51,A,D,A,D,0
1ak4,1AK4_VD86A,-0.82,A,D,A,D,2
1bj1,1BJ1_FV4A,-0.0,HL,VW,HL,V,2
1bj1,1BJ1_YV8A,-0.0,HL,VW,HL,V,5
1bj1,1BJ1_EW80A,-0.82,HL,VW,HL,W,0
1bj1,1BJ1_GW75A,-2.76,HL,VW,HL,W,3
1bj1,1BJ1_GW79A,-3.69,HL,VW,HL,W,4
1bj1,1BJ1_HW73A,-0.0,HL,VW,HL,W,5
1bj1,1BJ1_HW77A,-0.0,HL,VW,HL,W,6
1bj1,1BJ1_IW67A,-0.82,HL,VW,HL,W,9
1bj1,1BJ1_IW70A,-3.69,HL,VW,HL,W,8
1bj1,1BJ1_IW78A,-0.41,HL,VW,HL,W,8
1bj1,1BJ1_KW35A,-0.41,HL,VW,HL,W,6
1bj1,1BJ1_KW71A,-0.65,HL,VW,HL,W,1
1bj1,1BJ1_MW68A,-3.69,HL,VW,HL,W,9
1bj1,1BJ1_MW81A,-1.42,HL,VW,HL,W,7
1bj1,1BJ1_QW66A,-0.0,HL,VW,HL,W,3
1bj1,1BJ1_QW74A,-0.0,HL,VW,HL,W,0
1bj1,1BJ1_QW76A,-1.75,HL,VW,HL,W,9
1bj1,1BJ1_RW69A,-3.69,HL,VW,HL,W,8
1bj1,1BJ1_YW32A,-0.82,HL,VW,HL,W,1
1cz8,1CZ8_FV4A,-0.0,HL,VW,HL,V,5
1cz8,1CZ8_YV8A,-0.0,HL,VW,HL,V,8
1cz8,1CZ8_EW80A,-1.15,HL,VW,HL,W,4
1cz8,1CZ8_GW75A,-2.67,HL,VW,HL,W,4
1cz8,1CZ8_GW79A,-4.1,HL,VW,HL,W,0
1cz8,1CZ8_HW73A,-0.0,HL,VW,HL,W,3
1cz8,1CZ8_HW77A,-0.0,HL,VW,HL,W,8
1cz8,1CZ8_IW67A,-0.95,HL,VW,HL,W,4
1cz8,1CZ8_IW70A,-1.3,HL,VW,HL,W,8
1cz8,1CZ8_IW78A,-1.06,HL,VW,HL,W,1
1cz8,1CZ8_KW35A,-0.0,HL,VW,HL,W,0
1cz8,1CZ8_KW71A,-1.36,HL,VW,HL,W,5
1cz8,1CZ8_MW68A,-4.1,HL,VW,HL,W,3
1cz8,1CZ8_MW81A,-1.91,HL,VW,HL,W,4
1cz8,1CZ8_QW66A,-0.65,HL,VW,HL,W,1
1cz8,1CZ8_QW74A,-0.0,HL,VW,HL,W,4
1cz8,1CZ8_QW76A,-1.06,HL,VW,HL,W,6
1cz8,1CZ8_RW69A,-0.82,HL,VW,HL,W,0
1cz8,1CZ8_YW32A,-1.94,HL,VW,HL,W,7
1dqj,1DQJ_DC101A,-1.3,C,HL,HL,C,3
1dqj,1DQJ_KC96A,-6.1,C,HL,HL,C,0
1dqj,1DQJ_KC97A,-3.5,C,HL,HL,C,7
1dqj,1DQJ_LC75A,-1.5,C,HL,HL,C,9
1dqj,1DQJ_NC93A,-0.6,C,HL,HL,C,0
1dqj,1DQJ_RC21A,-1.3,C,HL,HL,C,7
1dqj,1DQJ_SC100A,-0.8,C,HL,HL,C,2
1dqj,1DQJ_TC89A,-0.8,C,HL,HL,C,1
1dqj,1DQJ_WC62A,-0.8,C,HL,HL,C,4
1dqj,1DQJ_WC63A,-1.3,C,HL,HL,C,6
1dqj,1DQJ_YC20A,-3.3,C,HL,HL,C,2
1dqj,1DQJ_DH32A,-2.0,C,HL,HL,C,3
1dqj,1DQJ_WH98A,-4.9,C,HL,HL,C,5
1dqj,1DQJ_YH33A,-5.5,C,HL,HL,C,8
1dqj,1DQJ_YH50A,-6.9,C,HL,HL,C,4
1dqj,1DQJ_YH53A,-1.2,C,HL,HL,C,8
1dqj,1DQJ_NL31A,-2.0,C,HL,HL,C,2
1dqj,1DQJ_NL32A,-4.1,C,HL,HL,C,4
1dqj,1DQJ_SL91A,-1.4,C,HL,HL,C,9
1dqj,1DQJ_YL50A,-2.7,C,HL,HL,C,8
1dqj,1DQJ_YL96A,-1.1,C,HL,HL,C,6
1dvf,1DVF_HA30A,-1.67,AB,CD,BA,CD,1
1dvf,1DVF_SA93A,-1.17,AB,CD,BA,CD,4
1dvf,1DVF_WA92A,-0.34,AB,CD,BA,CD,2
1dvf,1DVF_YA32A,-2.05,AB,CD,BA,CD,5
1dvf,1DVF_YA49A,-1.64,AB,CD,BA,CD,3
1dvf,1DVF_YA49A,-1.75,AB,CD,BA,CD,3
1dvf,1DVF_YA50A,-0.69,AB,CD,BA,CD,2
1dvf,1DVF_DB100A,-2.82,AB,CD,BA,CD,2
1dvf,1DVF_DB54A,-4.32,AB,CD,BA,CD,4
1dvf,1DVF_DB58A,-1.62,AB,CD,BA,CD,9
1dvf,1DVF_EB98A,-4.23,AB,CD,BA,CD,0
1dvf,1DVF_NB56A,-1.17,AB,CD,BA,CD,9
1dvf,1DVF_RB99A,-1.89,AB,CD,BA,CD,9
1dvf,1DVF_TB30A,-0.92,AB,CD,BA,CD,2
1dvf,1DVF_WB52A,-4.17,AB,CD,BA,CD,6
1dvf,1DVF_YB101F,-2.03,AB,CD,BA,CD,4
1dvf,1DVF_YB32A,-1.85,AB,CD,BA,CD,9
1dvf,1DVF_YC49A,-1.88,AB,CD,BA,CD,1
1dvf,1DVF_DD52A,-1.7,AB,CD,BA,CD,8
1dvf,1DVF_HD33A,-1.88,AB,CD,BA,CD,8
1dvf,1DVF_ID101A,-2.71,AB,CD,BA,CD,4
1dvf,1DVF_KD30A,-1.01,AB,CD,BA,CD,6
1dvf,1DVF_ND55A,-1.88,AB,CD,BA,CD,2
1dvf,1DVF_QD104A,-1.64,AB,CD,BA,CD,9
1dvf,1DVF_RD106A,-4.13,AB,CD,BA,CD,9
1dvf,1DVF_YD102A,-4.79,AB,CD,BA,CD,5
1ffw,1FFW_AA89V,-0.09,A,B,A,B,3
1ffw,1FFW_DA12K,-0.05,A,B,A,B,6
1ffw,1FFW_EA116K,-0.71,A,B,A,B,2
1ffw,1FFW_EA92K,-0.82,A,B,A,B,5
1ffw,1FFW_FA110V,-1.26,A,B,A,B,4
1ffw,1FFW_TA111I,-0.56,A,B,A,B,8
1ffw,1FFW_TA86I,0.32,A,B,A,B,6
1ffw,1FFW_VA107M,-1.13,A,B,A,B,0
1ffw,1FFW_YA105W,-0.71,A,B,A,B,5
1jrh,1JRH_EI35Q,-0.11,HL,I,HL,I,3
1jrh,1JRH_TI4V,0.02,HL,I,HL,I,8
1jtg,1JTG_KA208A,-0.82,A,B,A,B,6
1jtg,1JTG_RA217A,-0.56,A,B,A,B,2
1jtg,1JTG_SA105A,-0.5,A,B,A,B,5
1jtg,1JTG_SA209A,-1.32,A,B,A,B,9
1jtg,1JTG_DB49A,-1.98,A,B,A,B,4
1ktz,1KTZ_DB94A,-0.9,A,B,A,B,2
1ktz,1KTZ_DB8A,-1.4,A,B,A,B,4
1ktz,1KTZ_DB8N,-1.7,A,B,A,B,5
1ktz,1KTZ_EB95A,-1.4,A,B,A,B,5
1ktz,1KTZ_EB95Q,-1.7,A,B,A,B,8
1ktz,1KTZ_EB31A,-1.3,A,B,A,B,2
1ktz,1KTZ_EB51A,-1.0,A,B,A,B,9
1ktz,1KTZ_FB86A,-0.9,A,B,A,B,1
1ktz,1KTZ_FB6A,-2.9,A,B,A,B,5
1ktz,1KTZ_HB55A,-0.4,A,B,A,B,6
1ktz,1KTZ_IB101A,-0.5,A,B,A,B,4
1ktz,1KTZ_IB26A,-1.9,A,B,A,B,9
1ktz,1KTZ_IB29A,-1.2,A,B,A,B,8
1ktz,1KTZ_LB3A,-1.9,A,B,A,B,9
1ktz,1KTZ_MB88A,-0.8,A,B,A,B,2
1ktz,1KTZ_NB23A,-0.3,A,B,A,B,6
1ktz,1KTZ_SB25A,-0.5,A,B,A,B,5
1ktz,1KTZ_SB28A,-0.4,A,B,A,B,6
1ktz,1KTZ_SB28L,-3.7,A,B,A,B,6
1ktz,1KTZ_TB27A,-1.3,A,B,A,B,8
1ktz,1KTZ_VB38A,-0.7,A,B,A,B,7
1ktz,1KTZ_VB53A,-0.5,A,B,A,B,5
1mhp,1MHP_FH99W,-0.0,A,HL,HL,A,8
1mhp,1MHP_FH99Y,-0.76,A,HL,HL,A,1
1mhp,1MHP_GH100F,-0.57,A,HL,HL,A,0
1mhp,1MHP_GH100I,-8.0,A,HL,HL,A,1
1mhp,1MHP_GH100L,-2.73,A,HL,HL,A,4
1mhp,1MHP_GH100M,-0.1,A,HL,HL,A,4
1mhp,1MHP_GH100S,-0.56,A,HL,HL,A,3
1mhp,1MHP_GH100V,-8.0,A,HL,HL,A,8
1mhp,1MHP_GH102S,-8.0,A,HL,HL,A,7
1mhp,1MHP_GH53A,-0.51,A,HL,HL,A,7
1mhp,1MHP_GH53N,-1.26,A,HL,HL,A,8
1mhp,1MHP_GH53Q,-8.0,A,HL,HL,A,4
1mhp,1MHP_GH53S,-0.68,A,HL,HL,A,9
1mhp,1MHP_GH53W,-8.0,A,HL,HL,A,0
1mhp,1MHP_GH54I,-1.36,A,HL,HL,A,7
1mhp,1MHP_GH54M,-8.0,A,HL,HL,A,4
1mhp,1MHP_GH54N,-8.0,A,HL,HL,A,5
1mhp,1MHP_GH54T,-1.17,A,HL,HL,A,1
1mhp,1MHP_GH54Y,-0.0,A,HL,HL,A,5
1mhp,1MHP_HH56Y,-8.0,A,HL,HL,A,4
1mhp,1MHP_KH64D,0.12,A,HL,HL,A,0
1mhp,1MHP_KH64E,0.16,A,HL,HL,A,7
1mhp,1MHP_KH64N,0.07,A,HL,HL,A,0
1mhp,1MHP_KH64Q,0.16,A,HL,HL,A,4
1mhp,1MHP_LH60D,0.12,A,HL,HL,A,7
1mhp,1MHP_RH31Q,-1.31,A,HL,HL,A,8
1mhp,1MHP_SH35A,-1.58,A,HL,HL,A,3
1mhp,1MHP_SH35Q,-2.73,A,HL,HL,A,8
1mhp,1MHP_SH35V,-8.0,A,HL,HL,A,4
1mhp,1MHP_SH52M,-2.08,A,HL,HL,A,8
1mhp,1MHP_SH52T,-8.0,A,HL,HL,A,9
1mhp,1MHP_TH33N,-2.73,A,HL,HL,A,5
1mhp,1MHP_TH33Q,-8.0,A,HL,HL,A,5
1mhp,1MHP_TH33V,-0.43,A,HL,HL,A,4
1mhp,1MHP_TH50E,-8.0,A,HL,HL,A,6
1mhp,1MHP_TH50Q,-8.0,A,HL,HL,A,9
1mhp,1MHP_TH50V,0.26,A,HL,HL,A,2
1mhp,1MHP_YH58E,-2.08,A,HL,HL,A,8
1mhp,1MHP_YH58Q,-2.08,A,HL,HL,A,5
1mhp,1MHP_YH58W,-0.82,A,HL,HL,A,5
1mhp,1MHP_YH59E,-0.54,A,HL,HL,A,4
1mhp,1MHP_GL91Q,-1.58,A,HL,HL,A,8
1mhp,1MHP_GL91S,-0.51,A,HL,HL,A,4
1mhp,1MHP_HL30K,-1.17,A,HL,HL,A,3
1mhp,1MHP_HL30R,-1.12,A,HL,HL,A,2
1mhp,1MHP_HL30W,-1.26,A,HL,HL,A,0
1mhp,1MHP_LL48F,-0.71,A,HL,HL,A,6
1mhp,1MHP_LL48K,-0.93,A,HL,HL,A,0
1mhp,1MHP_LL48W,-1.91,A,HL,HL,A,2
1mhp,1MHP_LL48Y,-8.0,A,HL,HL,A,3
1mhp,1MHP_NL29K,-8.0,A,HL,HL,A,8
1mhp,1MHP_NL29V,-1.05,A,HL,HL,A,3
1mhp,1MHP_NL29W,-1.58,A,HL,HL,A,2
1mhp,1MHP_NL29Y,-1.91,A,HL,HL,A,1
1mhp,1MHP_NL51D,-0.5,A,HL,HL,A,4
1mhp,1MHP_NL51E,0.18,A,HL,HL,A,1
1mhp,1MHP_NL51K,-0.66,A,HL,HL,A,2
1mhp,1MHP_NL51R,-0.85,A,HL,HL,A,2
1mhp,1MHP_NL51Y,0.1,A,HL,HL,A,8
1mhp,1MHP_NL92D,-8.0,A,HL,HL,A,0
1mhp,1MHP_SL23R,0.07,A,HL,HL,A,8
1mhp,1MHP_SL27Q,0.67,A,HL,HL,A,3
1mhp,1MHP_SL90K,-8.0,A,HL,HL,A,9
1mhp,1MHP_SL90Q,-1.78,A,HL,HL,A,1
1mhp,1MHP_SL90R,-2.73,A,HL,HL,A,9
1mhp,1MHP_SL90T,-2.32,A,HL,HL,A,1
1mhp,1MHP_SL90W,-8.0,A,HL,HL,A,6
1mhp,1MHP_WL89Q,-2.08,A,HL,HL,A,3
1mlc,1MLC_KH65D,-0.02,E,HL,HL,E,8
1mlc,1MLC_SH57A,0.38,E,HL,HL,E,4
1mlc,1MLC_SH57V,0.49,E,HL,HL,E,9
1mlc,1MLC_TH28D,0.15,E,HL,HL,E,4
1mlc,1MLC_TH31A,-0.45,E,HL,HL,E,0
1mlc,1MLC_TH31V,-0.53,E,HL,HL,E,8
1mlc,1MLC_TH31W,-0.13,E,HL,HL,E,6
1mlc,1MLC_TH58D,0.56,E,HL,HL,E,3
1mlc,1MLC_NL32G,0.85,E,HL,HL,E,1
1mlc,1MLC_NL32Y,-0.0,E,HL,HL,E,8
1mlc,1MLC_NL92A,1.25,E,HL,HL,E,4
1n8z,1N8Z_DH31A,-0.25,C,HL,HL,C,6
1n8z,1N8Z_DH102A,-1.21,C,HL,HL,C,7
1n8z,1N8Z_DH102W,0.69,C,HL,HL,C,5
1n8z,1N8Z_FH104A,-1.17,C,HL,HL,C,8
1n8z,1N8Z_KH30A,-0.61,C,HL,HL,C,4
1n8z,1N8Z_NH55A,0.15,C,HL,HL,C,6
1n8z,1N8Z_RH50A,-8.0,C,HL,HL,C,1
1n8z,1N8Z_TH32A,-0.38,C,HL,HL,C,6
1n8z,1N8Z_TH54A,-0.78,C,HL,HL,C,6
1n8z,1N8Z_WH99A,-8.0,C,HL,HL,C,7
1n8z,1N8Z_YH105A,-8.0,C,HL,HL,C,6
1n8z,1N8Z_YH105F,0.05,C,HL,HL,C,5
1n8z,1N8Z_YH105F,-0.82,C,HL,HL,C,3
1n8z,1N8Z_YH109V,-0.22,C,HL,HL,C,1
1n8z,1N8Z_YH33A,0.09,C,HL,HL,C,8
1n8z,1N8Z_YH52A,-0.23,C,HL,HL,C,1
1n8z,1N8Z_YH57A,-0.87,C,HL,HL,C,8
1n8z,1N8Z_DL28N,0.28,C,HL,HL,C,4
1n8z,1N8Z_FL53N,-1.21,C,HL,HL,C,4
1n8z,1N8Z_HL91A,-8.0,C,HL,HL,C,6
1n8z,1N8Z_HL91F,0.43,C,HL,HL,C,5
1n8z,1N8Z_HL91F,-0.03,C,HL,HL,C,3
1n8z,1N8Z_NL30A,-1.12,C,HL,HL,C,0
1n8z,1N8Z_NL30S,-0.06,C,HL,HL,C,1
1n8z,1N8Z_RL66G,-0.22,C,HL,HL,C,4
1n8z,1N8Z_SL50A,0.07,C,HL,HL,C,5
1n8z,1N8Z_SL52A,0.31,C,HL,HL,C,9
1n8z,1N8Z_TL31A,-0.8,C,HL,HL,C,5
1n8z,1N8Z_TL93A,-0.82,C,HL,HL,C,6
1n8z,1N8Z_TL94A,0.12,C,HL,HL,C,0
1n8z,1N8Z_TL94S,-0.31,C,HL,HL,C,6
1n8z,1N8Z_YL49A,-1.05,C,HL,HL,C,2
1n8z,1N8Z_YL92A,-1.36,C,HL,HL,C,5
1n8z,1N8Z_YL92F,0.21,C,HL,HL,C,1
1vfb,1VFB_DC119A,-1.0,C,HL,HL,C,2
1vfb,1VFB_DC18A,-0.3,C,HL,HL,C,3
1vfb,1VFB_IC124A,-1.2,C,HL,HL,C,0
1vfb,1VFB_KC116A,-0.7,C,HL,HL,C,3
1vfb,1VFB_LC129A,-0.2,C,HL,HL,C,9
1vfb,1VFB_NC19A,-0.3,C,HL,HL,C,9
1vfb,1VFB_QC121A,-2.9,C,HL,HL,C,4
1vfb,1VFB_RC125A,-1.8,C,HL,HL,C,6
1vfb,1VFB_SC24A,-0.8,C,HL,HL,C,3
1vfb,1VFB_TC118A,-0.8,C,HL,HL,C,3
1vfb,1VFB_VC120A,-0.9,C,HL,HL,C,4
1vfb,1VFB_YC23A,-0.4,C,HL,HL,C,2
1vfb,1VFB_DH100A,-2.9,C,HL,HL,C,3
1vfb,1VFB_DH54A,-1.0,C,HL,HL,C,6
1vfb,1VFB_DH58E,-0.08,C,HL,HL,C,4
1vfb,1VFB_DH58N,0.13,C,HL,HL,C,2
1vfb,1VFB_GH31A,-0.3,C,HL,HL,C,0
1vfb,1VFB_GH31E,0.51,C,HL,HL,C,1
1vfb,1VFB_GH31W,-0.01,C,HL,HL,C,0
1vfb,1VFB_RH99W,-0.71,C,HL,HL,C,2
1vfb,1VFB_RH99Y,-1.26,C,HL,HL,C,3
1vfb,1VFB_SH28D,-0.0,C,HL,HL,C,9
1vfb,1VFB_SH28E,0.1,C,HL,HL,C,8
1vfb,1VFB_SH28N,-0.15,C,HL,HL,C,9
1vfb,1VFB_SH28Q,-0.08,C,HL,HL,C,7
1vfb,1VFB_WH52A,-0.9,C,HL,HL,C,9
1vfb,1VFB_YH101A,-4.0,C,HL,HL,C,3
1vfb,1VFB_YH101F,-1.6,C,HL,HL,C,3
1vfb,1VFB_YH32A,-1.1,C,HL,HL,C,7
1vfb,1VFB_YH32E,-1.91,C,HL,HL,C,7
1vfb,1VFB_LL46D,-8.0,C,HL,HL,C,7
1vfb,1VFB_LL46E,-8.0,C,HL,HL,C,0
1vfb,1VFB_NL31W,-0.17,C,HL,HL,C,7
1vfb,1VFB_TL52F,-0.47,C,HL,HL,C,4
1vfb,1VFB_TL53R,-1.67,C,HL,HL,C,8
1vfb,1VFB_WL92A,-3.3,C,HL,HL,C,8
1vfb,1VFB_YL32A,-1.7,C,HL,HL,C,5
1vfb,1VFB_YL32W,-8.0,C,HL,HL,C,4
1vfb,1VFB_YL50A,-0.5,C,HL,HL,C,8
1vfb,1VFB_YL50K,-1.67,C,HL,HL,C,9
1vfb,1VFB_YL50R,-0.85,C,HL,HL,C,6
1yy9,1YY9_NH56A,0.06,A,HL,HL,A,4
1yy9,1YY9_TH61E,0.06,A,HL,HL,A,2
1yy9,1YY9_NL93A,0.74,A,HL,HL,A,1
1yy9,1YY9_SL26D,0.2,A,HL,HL,A,8
1yy9,1YY9_TL31E,0.52,A,HL,HL,A,8
2jel,2JEL_AP82S,-0.0,HL,P,HL,P,2
2jel,2JEL_DP69E,-0.96,HL,P,HL,P,1
2jel,2JEL_EP5D,-0.41,HL,P,HL,P,7
2jel,2JEL_EP5Q,-0.72,HL,P,HL,P,4
2jel,2JEL_EP66K,-4.13,HL,P,HL,P,2
2jel,2JEL_EP68A,-0.41,HL,P,HL,P,2
2jel,2JEL_EP70A,-2.75,HL,P,HL,P,4
2jel,2JEL_EP70K,-4.13,HL,P,HL,P,7
2jel,2JEL_EP75R,-2.75,HL,P,HL,P,4
2jel,2JEL_EP83A,-0.0,HL,P,HL,P,9
2jel,2JEL_EP85A,-0.0,HL,P,HL,P,1
2jel,2JEL_EP85D,-0.0,HL,P,HL,P,5
2jel,2JEL_EP85K,-0.0,HL,P,HL,P,1
2jel,2JEL_EP85Q,-0.0,HL,P,HL,P,2
2jel,2JEL_FP2W,-2.64,HL,P,HL,P,0
2jel,2JEL_FP2Y,-0.0,HL,P,HL,P,5
2jel,2JEL_HP76A,0.41,HL,P,HL,P,9
2jel,2JEL_HP76D,0.66,HL,P,HL,P,3
2jel,2JEL_KP24E,-0.0,HL,P,HL,P,3
2jel,2JEL_KP27E,-0.0,HL,P,HL,P,1
2jel,2JEL_KP72E,-0.41,HL,P,HL,P,4
2jel,2JEL_KP72R,-0.0,HL,P,HL,P,0
2jel,2JEL_KP79E,-0.41,HL,P,HL,P,0
2jel,2JEL_NP12D,-0.0,HL,P,HL,P,5
2jel,2JEL_NP38T,-0.0,HL,P,HL,P,2
2jel,2JEL_PP11E,-0.0,HL,P,HL,P,8
2jel,2JEL_QP3K,-4.13,HL,P,HL,P,9
2jel,2JEL_QP4K,-1.38,HL,P,HL,P,5
2jel,2JEL_QP57E,0.41,HL,P,HL,P,7
2jel,2JEL_QP71E,-2.75,HL,P,HL,P,6
2jel,2JEL_RP17G,-0.0,HL,P,HL,P,0
2jel,2JEL_RP17K,-0.0,HL,P,HL,P,8
2jel,2JEL_SP41C,-1.51,HL,P,HL,P,0
2jel,2JEL_SP43C,-0.0,HL,P,HL,P,4
2jel,2JEL_SP46C,-0.0,HL,P,HL,P,4
2jel,2JEL_SP64T,-4.13,HL,P,HL,P,0
2jel,2JEL_TP34Q,-0.0,HL,P,HL,P,5
2jel,2JEL_TP36Q,-0.41,HL,P,HL,P,9
2jel,2JEL_TP62A,-0.0,HL,P,HL,P,7
2jel,2JEL_TP62N,-0.0,HL,P,HL,P,5
2jel,2JEL_TP7N,-0.41,HL,P,HL,P,3
2jel,2JEL_TP7S,-0.0,HL,P,HL,P,6
2jel,2JEL_VP6F,-0.0,HL,P,HL,P,8
2nyy,2NYY_DA1030A,-0.01,A,HL,HL,A,8
2nyy,2NYY_DA1034A,-2.53,A,HL,HL,A,1
2nyy,2NYY_EA892A,-2.84,A,HL,HL,A,7
2nyy,2NYY_FA889A,-0.42,A,HL,HL,A,4
2nyy,2NYY_FA925A,-4.06,A,HL,HL,A,5
2nyy,2NYY_HA1036A,-7.32,A,HL,HL,A,5
2nyy,2NYY_IA928A,0.01,A,HL,HL,A,6
2nyy,2NYY_KA1028A,0.03,A,HL,HL,A,7
2nyy,2NYY_KA875A,-0.29,A,HL,HL,A,0
2nyy,2NYY_KA895A,0.14,A,HL,HL,A,5
2nyy,2NYY_LA891A,-2.59,A,HL,HL,A,1
2nyy,2NYY_NA890A,-0.89,A,HL,HL,A,4
2nyy,2NYY_NA926A,-0.1,A,HL,HL,A,7
2nyy,2NYY_QA887A,-0.52,A,HL,HL,A,6
2nyy,2NYY_RA1033A,-0.82,A,HL,HL,A,6
2nyy,2NYY_RA1266A,-0.3,A,HL,HL,A,3
2nyy,2NYY_SA874A,0.23,A,HL,HL,A,7
2nyy,2NYY_SA927A,-0.0,A,HL,HL,A,2
2nyy,2NYY_TA1035A,-1.62,A,HL,HL,A,0
2nyy,2NYY_KH29R,-0.07,A,HL,HL,A,6
2nyy,2NYY_MH33Q,0.06,A,HL,HL,A,1
2nyy,2NYY_YH30D,-0.07,A,HL,HL,A,3
2nyy,2NYY_YH30Q,-0.13,A,HL,HL,A,3
2nyy,2NYY_YH56Q,-0.52,A,HL,HL,A,0
2nyy,2NYY_DL30Y,-0.65,A,HL,HL,A,6
2nyy,2NYY_HL34R,-0.1,A,HL,HL,A,3
2nyy,2NYY_SL28Q,-0.42,A,HL,HL,A,3
2nyy,2NYY_SL31N,0.36,A,HL,HL,A,9
2nz9,2NZ9_DA1030A,0.03,A,HL,HL,A,6
2nz9,2NZ9_DA1034A,-2.34,A,HL,HL,A,9
2nz9,2NZ9_EA892A,-2.77,A,HL,HL,A,7
2nz9,2NZ9_FA889A,0.05,A,HL,HL,A,4
2nz9,2NZ9_FA925A,-3.34,A,HL,HL,A,9
2nz9,2NZ9_HA1036A,-7.42,A,HL,HL,A,6
2nz9,2NZ9_IA928A,-0.07,A,HL,HL,A,6
2nz9,2NZ9_KA1028A,0.01,A,HL,HL,A,7
2nz9,2NZ9_KA875A,-0.54,A,HL,HL,A,9
2nz9,2NZ9_KA895A,0.3,A,HL,HL,A,4
2nz9,2NZ9_LA891A,-2.28,A,HL,HL,A,5
2nz9,2NZ9_NA890A,-2.16,A,HL,HL,A,4
2nz9,2NZ9_NA926A,0.15,A,HL,HL,A,1
2nz9,2NZ9_QA887A,-0.1,A,HL,HL,A,4
2nz9,2NZ9_RA1033A,-0.29,A,HL,HL,A,9
2nz9,2NZ9_RA1266A,-0.39,A,HL,HL,A,3
2nz9,2NZ9_SA874A,0.12,A,HL,HL,A,5
2nz9,2NZ9_SA927A,0.08,A,HL,HL,A,2
2nz9,2NZ9_TA1035A,-2.37,A,HL,HL,A,9
3bdy,3BDY_DH32A,-0.2,HL,V,HL,V,9
3bdy,3BDY_DH103A,-0.0,HL,V,HL,V,5
3bdy,3BDY_FH105A,-0.7,HL,V,HL,V,0
3bdy,3BDY_GH101A,-0.2,HL,V,HL,V,5
3bdy,3BDY_GH102A,0.1,HL,V,HL,V,6
3bdy,3BDY_GH104A,-0.8,HL,V,HL,V,0
3bdy,3BDY_KH31A,-0.2,HL,V,HL,V,5
3bdy,3BDY_NH56A,0.2,HL,V,HL,V,3
3bdy,3BDY_RH51A,0.3,HL,V,HL,V,5
3bdy,3BDY_RH60A,0.2,HL,V,HL,V,0
3bdy,3BDY_TH33A,0.4,HL,V,HL,V,9
3bdy,3BDY_TH55A,0.5,HL,V,HL,V,0
3bdy,3BDY_WH100A,-2.0,HL,V,HL,V,7
3bdy,3BDY_YH106A,-0.5,HL,V,HL,V,6
3bdy,3BDY_YH34A,-0.3,HL,V,HL,V,2
3bdy,3BDY_YH53A,-0.4,HL,V,HL,V,4
3bdy,3BDY_YH58A,-0.2,HL,V,HL,V,6
3bdy,3BDY_DL28A,-0.0,HL,V,HL,V,1
3bdy,3BDY_GL35A,-1.2,HL,V,HL,V,3
3bdy,3BDY_GL55A,-1.0,HL,V,HL,V,7
3bdy,3BDY_HL95A,-2.0,HL,V,HL,V,0
3bdy,3BDY_IL29A,-1.1,HL,V,HL,V,5
3bdy,3BDY_IL33A,-0.8,HL,V,HL,V,4
3bdy,3BDY_PL30A,-0.2,HL,V,HL,V,7
3bdy,3BDY_RL31A,0.2,HL,V,HL,V,1
3bdy,3BDY_SL32A,-1.0,HL,V,HL,V,4
3bdy,3BDY_SL34A,-1.3,HL,V,HL,V,6
3bdy,3BDY_SL56A,-0.1,HL,V,HL,V,5
3bdy,3BDY_TL97A,0.3,HL,V,HL,V,1
3bdy,3BDY_TL98A,-0.0,HL,V,HL,V,6
3bdy,3BDY_WL54A,-1.3,HL,V,HL,V,1
3bdy,3BDY_YL36A,-1.7,HL,V,HL,V,6
3bdy,3BDY_YL57A,-0.7,HL,V,HL,V,1
3bdy,3BDY_YL96A,-1.4,HL,V,HL,V,4
3be1,3BE1_DH31A,-0.4,A,HL,HL,A,3
3be1,3BE1_DH102A,0.1,A,HL,HL,A,9
3be1,3BE1_FH104A,-1.9,A,HL,HL,A,5
3be1,3BE1_GH100A,-0.1,A,HL,HL,A,1
3be1,3BE1_GH101A,-0.3,A,HL,HL,A,7
3be1,3BE1_GH103A,-1.8,A,HL,HL,A,1
3be1,3BE1_KH30A,0.3,A,HL,HL,A,6
3be1,3BE1_NH55A,0.8,A,HL,HL,A,8
3be1,3BE1_RH50A,-2.4,A,HL,HL,A,9
3be1,3BE1_RH59A,-2.5,A,HL,HL,A,3
3be1,3BE1_TH32A,0.4,A,HL,HL,A,0
3be1,3BE1_TH54A,-0.1,A,HL,HL,A,8
3be1,3BE1_WH99A,-1.8,A,HL,HL,A,2
3be1,3BE1_YH105A,-1.2,A,HL,HL,A,2
3be1,3BE1_YH33A,-2.4,A,HL,HL,A,1
3be1,3BE1_YH52A,0.8,A,HL,HL,A,7
3be1,3BE1_YH57A,-1.8,A,HL,HL,A,2
3be1,3BE1_DL28A,-0.0,A,HL,HL,A,5
3be1,3BE1_GL35A,-0.3,A,HL,HL,A,2
3be1,3BE1_GL55A,0.3,A,HL,HL,A,6
3be1,3BE1_HL95A,-0.9,A,HL,HL,A,0
3be1,3BE1_IL29A,0.2,A,HL,HL,A,1
3be1,3BE1_IL33A,-0.9,A,HL,HL,A,9
3be1,3BE1_PL30A,-0.1,A,HL,HL,A,0
3be1,3BE1_RL31A,0.2,A,HL,HL,A,0
3be1,3BE1_SL32A,-0.3,A,HL,HL,A,5
3be1,3BE1_SL34A,0.2,A,HL,HL,A,9
3be1,3BE1_SL56A,-0.3,A,HL,HL,A,7
3be1,3BE1_TL97A,0.4,A,HL,HL,A,8
3be1,3BE1_TL98A,-1.4,A,HL,HL,A,5
3be1,3BE1_WL54A,-1.4,A,HL,HL,A,1
3be1,3BE1_YL36A,0.8,A,HL,HL,A,0
3be1,3BE1_YL57A,-0.9,A,HL,HL,A,6
3be1,3BE1_YL96A,-0.5,A,HL,HL,A,7
3bn9,3BN9_DA214A,-0.57,A,HL,HL,A,5
3bn9,3BN9_DA46A,-0.42,A,HL,HL,A,4
3bn9,3BN9_DA47A,-0.31,A,HL,HL,A,2
3bn9,3BN9_DA91A,-6.7,A,HL,HL,A,0
3bn9,3BN9_EA163A,-0.37,A,HL,HL,A,6
3bn9,3BN9_FA50A,0.05,A,HL,HL,A,1
3bn9,3BN9_FA89A,-0.64,A,HL,HL,A,5
3bn9,3BN9_FA92A,-6.7,A,HL,HL,A,7
3bn9,3BN9_HA138A,-0.09,A,HL,HL,A,2
3bn9,3BN9_IA26A,-0.0,A,HL,HL,A,2
3bn9,3BN9_IA45A,-0.84,A,HL,HL,A,2
3bn9,3BN9_KA221A,-0.79,A,HL,HL,A,0
3bn9,3BN9_LA147A,-0.34,A,HL,HL,A,7
3bn9,3BN9_NA90A,-0.77,A,HL,HL,A,8
3bn9,3BN9_QA140A,-0.13,A,HL,HL,A,7
3bn9,3BN9_QA168A,0.03,A,HL,HL,A,3
3bn9,3BN9_QA169A,-2.51,A,HL,HL,A,0
3bn9,3BN9_QA218A,-0.71,A,HL,HL,A,7
3bn9,3BN9_QA23A,0.42,A,HL,HL,A,0
3bn9,3BN9_RA219A,0.09,A,HL,HL,A,6
3bn9,3BN9_RA48A,0.05,A,HL,HL,A,6
3bn9,3BN9_RA51A,0.07,A,HL,HL,A,2
3bn9,3BN9_RA82A,0.16,A,HL,HL,A,0
3bn9,3BN9_TA144A,-0.29,A,HL,HL,A,0
3bn9,3BN9_TA93A,-1.13,A,HL,HL,A,8
3bn9,3BN9_YA141A,-1.09,A,HL,HL,A,2
3bn9,3BN9_YA52A,-0.02,A,HL,HL,A,2
3bn9,3BN9_PH104H,-8.0,A,HL,HL,A,1
3bn9,3BN9_QH105V,-1.36,A,HL,HL,A,4
3bn9,3BN9_SH30G,-1.36,A,HL,HL,A,4
3bn9,3BN9_SH30N,-1.36,A,HL,HL,A,1
3bn9,3BN9_TH28R,-0.3,A,HL,HL,A,3
3bn9,3BN9_TH102Q,-0.0,A,HL,HL,A,8
3bn9,3BN9_TH102R,0.06,A,HL,HL,A,2
3bn9,3BN9_YH103S,-0.41,A,HL,HL,A,7
3hfm,3HFM_CH95A,-5.52,HL,Y,HL,Y,3
3hfm,3HFM_CH95F,-3.25,HL,Y,HL,Y,3
3hfm,3HFM_DH32A,-1.9,HL,Y,HL,Y,4
3hfm,3HFM_DH32N,-0.17,HL,Y,HL,Y,1
3hfm,3HFM_SH31A,-0.17,HL,Y,HL,Y,1
3hfm,3HFM_YH33A,-6.0,HL,Y,HL,Y,5
3hfm,3HFM_YH50A,-8.0,HL,Y,HL,Y,6
3hfm,3HFM_NL31A,-5.22,HL,Y,HL,Y,8
3hfm,3HFM_NL31D,-1.34,HL,Y,HL,Y,6
3hfm,3HFM_NL31E,-5.67,HL,Y,HL,Y,1
3hfm,3HFM_NL32A,-5.11,HL,Y,HL,Y,1
3hfm,3HFM_QL53A,-0.95,HL,Y,HL,Y,7
3hfm,3HFM_YL50A,-4.57,HL,Y,HL,Y,3
3hfm,3HFM_YL50F,-2.36,HL,Y,HL,Y,7
3hfm,3HFM_YL50L,-4.4,HL,Y,HL,Y,2
3hfm,3HFM_YL96A,-2.71,HL,Y,HL,Y,0
3hfm,3HFM_YL96F,-1.4,HL,Y,HL,Y,5
3hfm,3HFM_KY96A,-6.83,HL,Y,HL,Y,8
3hfm,3HFM_KY97A,-6.18,HL,Y,HL,Y,8
3hfm,3HFM_KY97M,-1.09,HL,Y,HL,Y,9
3hfm,3HFM_RY21A,-1.03,HL,Y,HL,Y,3
3hfm,3HFM_YY20A,-4.87,HL,Y,HL,Y,2
3k2m,3K2M_ED52A,-2.5,A,D,A,D,0
3k2m,3K2M_MD88A,-4.0,A,D,A,D,8
3k2m,3K2M_RD38A,-2.5,A,D,A,D,4
3k2m,3K2M_WD80A,-4.0,A,D,A,D,6
3k2m,3K2M_YD35A,-1.0,A,D,A,D,7
3k2m,3K2M_YD36A,-3.7,A,D,A,D,5
3k2m,3K2M_YD87A,-4.0,A,D,A,D,6
3ngb,3NGB_AH57G,0.06,G,HL,HL,G,1
3ngb,3NGB_GH55S,-0.73,G,HL,HL,G,4
3ngb,3NGB_IH30T,-0.08,G,HL,HL,G,4
3ngb,3NGB_KH52N,-0.18,G,HL,HL,G,2
3ngb,3NGB_PH63K,-0.23,G,HL,HL,G,5
3ngb,3NGB_RH54N,-0.05,G,HL,HL,G,8
3ngb,3NGB_RH62Q,-0.1,G,HL,HL,G,2
3ngb,3NGB_TH33Y,-0.08,G,HL,HL,G,5
3ngb,3NGB_VH58T,-0.14,G,HL,HL,G,0
3ngb,3NGB_VH74T,-0.16,G,HL,HL,G,0
3ngb,3NGB_YH75S,-0.33,G,HL,HL,G,1
3nps,3NPS_DA214A,-1.48,A,BC,BC,A,3
3nps,3NPS_DA46A,-0.34,A,BC,BC,A,6
3nps,3NPS_DA47A,-1.08,A,BC,BC,A,3
3nps,3NPS_DA91A,-1.52,A,BC,BC,A,7
3nps,3NPS_EA163A,-0.62,A,BC,BC,A,4
3nps,3NPS_FA50A,-0.22,A,BC,BC,A,0
3nps,3NPS_FA89A,-1.61,A,BC,BC,A,9
3nps,3NPS_FA92A,-0.47,A,BC,BC,A,6
3nps,3NPS_HA138A,-1.89,A,BC,BC,A,1
3nps,3NPS_IA26A,-0.65,A,BC,BC,A,1
3nps,3NPS_IA45A,0.34,A,BC,BC,A,1
3nps,3NPS_KA221A,0.1,A,BC,BC,A,7
3nps,3NPS_LA147A,-0.3,A,BC,BC,A,9
3nps,3NPS_NA90A,-0.26,A,BC,BC,A,9
3nps,3NPS_QA140A,-0.3,A,BC,BC,A,4
3nps,3NPS_QA168A,0.06,A,BC,BC,A,1
3nps,3NPS_QA169A,-0.75,A,BC,BC,A,8
3nps,3NPS_QA218A,0.04,A,BC,BC,A,3
3nps,3NPS_QA23A,-0.03,A,BC,BC,A,1
3nps,3NPS_RA219A,0.08,A,BC,BC,A,7
3nps,3NPS_RA48A,1.07,A,BC,BC,A,9
3nps,3NPS_RA51A,-0.14,A,BC,BC,A,2
3nps,3NPS_RA82A,0.15,A,BC,BC,A,2
3nps,3NPS_TA144A,-0.18,A,BC,BC,A,2
3nps,3NPS_TA93A,-0.73,A,BC,BC,A,9
3nps,3NPS_YA141A,-1.79,A,BC,BC,A,8
3nps,3NPS_YA52A,-0.46,A,BC,BC,A,2
HM_1ktz,HM_1KTZ_DB94A,-0.8,A,B,A,B,6
HM_1ktz,HM_1KTZ_DB8A,-1.5,A,B,A,B,9
HM_1ktz,HM_1KTZ_DB8N,-2.0,A,B,A,B,9
HM_1ktz,HM_1KTZ_EB95A,-1.5,A,B,A,B,4
HM_1ktz,HM_1KTZ_EB95Q,-1.6,A,B,A,B,9
HM_1ktz,HM_1KTZ_EB31A,-1.2,A,B,A,B,7
HM_1ktz,HM_1KTZ_EB51A,-1.1,A,B,A,B,5
HM_1ktz,HM_1KTZ_FB86A,-0.9,A,B,A,B,2
HM_1ktz,HM_1KTZ_FB6A,-3.0,A,B,A,B,7
HM_1ktz,HM_1KTZ_HB55A,-0.3,A,B,A,B,3
HM_1ktz,HM_1KTZ_IB101A,-0.5,A,B,A,B,2
HM_1ktz,HM_1KTZ_IB26A,-1.9,A,B,A,B,4
HM_1ktz,HM_1KTZ_IB29A,-1.4,A,B,A,B,7
HM_1ktz,HM_1KTZ_LB3A,-1.8,A,B,A,B,2
HM_1ktz,HM_1KTZ_MB88A,-0.9,A,B,A,B,7
HM_1ktz,HM_1KTZ_NB23A,-0.3,A,B,A,B,7
HM_1ktz,HM_1KTZ_SB25A,-0.3,A,B,A,B,2
HM_1ktz,HM_1KTZ_SB28A,-0.2,A,B,A,B,0
HM_1ktz,HM_1KTZ_SB28L,-4.0,A,B,A,B,5
HM_1ktz,HM_1KTZ_TB27A,-1.5,A,B,A,B,6
HM_1ktz,HM_1KTZ_VB38A,-0.7,A,B,A,B,3
HM_1ktz,HM_1KTZ_VB53A,-0.4,A,B,A,B,4
HM_1yy9,HM_1YY9_AH98W,0.23,A,HL,HL,A,3
HM_1yy9,HM_1YY9_GH33D,0.89,A,HL,HL,A,4
HM_1yy9,HM_1YY9_IH51G,0.51,A,HL,HL,A,5
HM_1yy9,HM_1YY9_RH97D,0.99,A,HL,HL,A,1
HM_1yy9,HM_1YY9_TH100Y,0.45,A,HL,HL,A,7
HM_1yy9,HM_1YY9_TH57G,0.46,A,HL,HL,A,6
HM_1yy9,HM_1YY9_TH57P,0.48,A,HL,HL,A,7
HM_1yy9,HM_1YY9_VH50L,0.6,A,HL,HL,A,0
HM_1yy9,HM_1YY9_VH50Q,0.64,A,HL,HL,A,1
HM_1yy9,HM_1YY9_YH32R,0.13,A,HL,HL,A,4
HM_1yy9,HM_1YY9_AL25V,0.62,A,HL,HL,A,2
HM_1yy9,HM_1YY9_GL30Y,0.92,A,HL,HL,A,8
HM_1yy9,HM_1YY9_QL27Y,0.83,A,HL,HL,A,2
HM_1yy9,HM_1YY9_TL97C,0.51,A,HL,HL,A,5
HM_1yy9,HM_1YY9_TL97D,0.66,A,HL,HL,A,9
HM_1yy9,HM_1YY9_TL97S,0.7,A,HL,HL,A,7
HM_2nyy,HM_2NYY_DA1061A,0.14,A,HL,HL,A,4
HM_2nyy,HM_2NYY_DA901A,0.49,A,HL,HL,A,2
HM_2nyy,HM_2NYY_EA919A,-0.5,A,HL,HL,A,8
HM_2nyy,HM_2NYY_FA952A,-1.53,A,HL,HL,A,9
HM_2nyy,HM_2NYY_IA916A,-0.95,A,HL,HL,A,9
HM_2nyy,HM_2NYY_KA914A,0.31,A,HL,HL,A,3
HM_2nyy,HM_2NYY_KA954A,0.5,A,HL,HL,A,6
HM_2nyy,HM_2NYY_LA918A,-0.41,A,HL,HL,A,6
HM_2nyy,HM_2NYY_NA917A,-0.3,A,HL,HL,A,5
HM_2nyy,HM_2NYY_NA956A,-0.01,A,HL,HL,A,5
HM_2nyy,HM_2NYY_PA1062A,-0.24,A,HL,HL,A,8
HM_2nyy,HM_2NYY_RA1060A,-0.58,A,HL,HL,A,8
HM_2nyy,HM_2NYY_RA1063A,-4.44,A,HL,HL,A,1
HM_2nyy,HM_2NYY_RA902A,0.02,A,HL,HL,A,2
HM_2nyy,HM_2NYY_SA953A,0.66,A,HL,HL,A,3
HM_2nyy,HM_2NYY_TA922A,-0.62,A,HL,HL,A,9
HM_2nyy,HM_2NYY_KH29R,-0.51,A,HL,HL,A,7
HM_2nyy,HM_2NYY_MH33Q,0.01,A,HL,HL,A,3
HM_2nyy,HM_2NYY_YH30D,-0.97,A,HL,HL,A,5
HM_2nyy,HM_2NYY_YH30Q,-1.33,A,HL,HL,A,4
HM_2nyy,HM_2NYY_YH56Q,-1.19,A,HL,HL,A,0
HM_2nyy,HM_2NYY_DL30Y,-0.6,A,HL,HL,A,8
HM_2nyy,HM_2NYY_HL34R,-0.63,A,HL,HL,A,4
HM_2nyy,HM_2NYY_SL28Q,-0.7,A,HL,HL,A,3
HM_2nyy,HM_2NYY_SL31N,-1.2,A,HL,HL,A,6
HM_2nz9,HM_2NZ9_DA1061A,0.14,A,HL,HL,A,0
HM_2nz9,HM_2NZ9_DA901A,0.49,A,HL,HL,A,5
HM_2nz9,HM_2NZ9_EA919A,-0.5,A,HL,HL,A,8
HM_2nz9,HM_2NZ9_FA952A,-1.53,A,HL,HL,A,5
HM_2nz9,HM_2NZ9_IA916A,-0.95,A,HL,HL,A,1
HM_2nz9,HM_2NZ9_KA914A,0.31,A,HL,HL,A,5
HM_2nz9,HM_2NZ9_KA954A,0.5,A,HL,HL,A,5
HM_2nz9,HM_2NZ9_LA918A,-0.41,A,HL,HL,A,8
HM_2nz9,HM_2NZ9_NA917A,-0.3,A,HL,HL,A,2
HM_2nz9,HM_2NZ9_NA956A,-0.01,A,HL,HL,A,5
HM_2nz9,HM_2NZ9_PA1062A,-0.24,A,HL,HL,A,7
HM_2nz9,HM_2NZ9_RA1060A,-0.58,A,HL,HL,A,3
HM_2nz9,HM_2NZ9_RA1063A,-4.44,A,HL,HL,A,9
HM_2nz9,HM_2NZ9_RA902A,0.02,A,HL,HL,A,3
HM_2nz9,HM_2NZ9_SA953A,0.66,A,HL,HL,A,6
HM_2nz9,HM_2NZ9_TA922A,-0.62,A,HL,HL,A,7
HM_3bn9,HM_3BN9_PH104H,-1.36,A,HL,HL,A,8
HM_3bn9,HM_3BN9_QH105V,-0.41,A,HL,HL,A,4
HM_3bn9,HM_3BN9_SH30G,-0.71,A,HL,HL,A,9
HM_3bn9,HM_3BN9_SH30N,-0.71,A,HL,HL,A,5
HM_3bn9,HM_3BN9_TH28R,0.24,A,HL,HL,A,3
HM_3bn9,HM_3BN9_TH102Q,0.16,A,HL,HL,A,0
HM_3bn9,HM_3BN9_TH102R,1.57,A,HL,HL,A,6
HM_3bn9,HM_3BN9_YH103S,-0.54,A,HL,HL,A,4
1ak4,1AK4_GD88A,2.49,A,D,A,D,8
1ak4,1AK4_VD88A,0.6,A,D,A,D,0
1ak4,1AK4_GD92A,0.41,A,D,A,D,7
1ak4,1AK4_VD92A,0.19,A,D,A,D,7
1ak4,1AK4_AD89G,1.91,A,D,A,D,0
1ak4,1AK4_VD89G,2.86,A,D,A,D,6
1ak4,1AK4_AD87H,0.84,A,D,A,D,2
1ak4,1AK4_QD87H,0.8,A,D,A,D,2
1ak4,1AK4_RD87H,1.48,A,D,A,D,7
1ak4,1AK4_AD91I,0.07,A,D,A,D,4
1ak4,1AK4_VD91I,-0.17,A,D,A,D,2
1ak4,1AK4_AD85P,0.92,A,D,A,D,1
1ak4,1AK4_AD90P,2.0,A,D,A,D,3
1ak4,1AK4_VD90P,2.86,A,D,A,D,3
1ak4,1AK4_AD93P,0.51,A,D,A,D,9
1ak4,1AK4_AD86V,0.82,A,D,A,D,5
1bj1,1BJ1_AV4F,0.0,HL,VW,HL,V,0
1bj1,1BJ1_AV8Y,0.0,HL,VW,HL,V,4
1bj1,1BJ1_AW80E,0.82,HL,VW,HL,W,8
1bj1,1BJ1_AW75G,2.76,HL,VW,HL,W,5
1bj1,1BJ1_AW79G,3.69,HL,VW,HL,W,1
1bj1,1BJ1_AW73H,0.0,HL,VW,HL,W,7
1bj1,1BJ1_AW77H,0.0,HL,VW,HL,W,2
1bj1,1BJ1_AW67I,0.82,HL,VW,HL,W,3
1bj1,1BJ1_AW70I,3.69,HL,VW,HL,W,0
1bj1,1BJ1_AW78I,0.41,HL,VW,HL,W,7
1bj1,1BJ1_AW35K,0.41,HL,VW,HL,W,5
1bj1,1BJ1_AW71K,0.65,HL,VW,HL,W,2
1bj1,1BJ1_AW68M,3.69,HL,VW,HL,W,8
1bj1,1BJ1_AW81M,1.42,HL,VW,HL,W,1
1bj1,1BJ1_AW66Q,0.0,HL,VW,HL,W,9
1bj1,1BJ1_AW74Q,0.0,HL,VW,HL,W,6
1bj1,1BJ1_AW76Q,1.75,HL,VW,HL,W,5
1bj1,1BJ1_AW69R,3.69,HL,VW,HL,W,4
1bj1,1BJ1_AW32Y,0.82,HL,VW,HL,W,7
1cz8,1CZ8_AV4F,0.0,HL,VW,HL,V,6
1cz8,1CZ8_AV8Y,0.0,HL,VW,HL,V,5
1cz8,1CZ8_AW80E,1.15,HL,VW,HL,W,1
1cz8,1CZ8_AW75G,2.67,HL,VW,HL,W,6
1cz8,1CZ8_AW79G,4.1,HL,VW,HL,W,9
1cz8,1CZ8_AW73H,0.0,HL,VW,HL,W,5
1cz8,1CZ8_AW77H,0.0,HL,VW,HL,W,3
1cz8,1CZ8_AW67I,0.95,HL,VW,HL,W,4
1cz8,1CZ8_AW70I,1.3,HL,VW,HL,W,2
1cz8,1CZ8_AW78I,1.06,HL,VW,HL,W,1
1cz8,1CZ8_AW35K,0.0,HL,VW,HL,W,6
1cz8,1CZ8_AW71K,1.36,HL,VW,HL,W,6
1cz8,1CZ8_AW68M,4.1,HL,VW,HL,W,4
1cz8,1CZ8_AW81M,1.91,HL,VW,HL,W,3
1cz8,1CZ8_AW66Q,0.65,HL,VW,HL,W,7
1cz8,1CZ8_AW74Q,0.0,HL,VW,HL,W,3
1cz8,1CZ8_AW76Q,1.06,HL,VW,HL,W,8
1cz8,1CZ8_AW69R,0.82,HL,VW,HL,W,9
1cz8,1CZ8_AW32Y,1.94,HL,VW,HL,W,6
1dqj,1DQJ_AC101D,1.3,C,HL,HL,C,1
1dqj,1DQJ_AC96K,6.1,C,HL,HL,C,5
1dqj,1DQJ_AC97K,3.5,C,HL,HL,C,8
1dqj,1DQJ_AC75L,1.5,C,HL,HL,C,6
1dqj,1DQJ_AC93N,0.6,C,HL,HL,C,3
1dqj,1DQJ_AC21R,1.3,C,HL,HL,C,1
1dqj,1DQJ_AC100S,0.8,C,HL,HL,C,9
1dqj,1DQJ_AC89T,0.8,C,HL,HL,C,6
1dqj,1DQJ_AC62W,0.8,C,HL,HL,C,6
1dqj,1DQJ_AC63W,1.3,C,HL,HL,C,1
1dqj,1DQJ_AC20Y,3.3,C,HL,HL,C,5
1dqj,1DQJ_AH32D,2.0,C,HL,HL,C,8
1dqj,1DQJ_AH98W,4.9,C,HL,HL,C,3
1dqj,1DQJ_AH33Y,5.5,C,HL,HL,C,2
1dqj,1DQJ_AH50Y,6.9,C,HL,HL,C,4
1dqj,1DQJ_AH53Y,1.2,C,HL,HL,C,9
1dqj,1DQJ_AL31N,2.0,C,HL,HL,C,7
1dqj,1DQJ_AL32N,4.1,C,HL,HL,C,4
1dqj,1DQJ_AL91S,1.4,C,HL,HL,C,2
1dqj,1DQJ_AL50Y,2.7,C,HL,HL,C,6
1dqj,1DQJ_AL96Y,1.1,C,HL,HL,C,9
1dvf,1DVF_AA30H,1.67,AB,CD,BA,CD,7
1dvf,1DVF_AA93S,1.17,AB,CD,BA,CD,7
1dvf,1DVF_AA92W,0.34,AB,CD,BA,CD,5
1dvf,1DVF_AA32Y,2.05,AB,CD,BA,CD,3
1dvf,1DVF_AA49Y,1.64,AB,CD,BA,CD,2
1dvf,1DVF_AA49Y,1.75,AB,CD,BA,CD,2
1dvf,1DVF_AA50Y,0.69,AB,CD,BA,CD,3
1dvf,1DVF_AB100D,2.82,AB,CD,BA,CD,8
1dvf,1DVF_AB54D,4.32,AB,CD,BA,CD,0
1dvf,1DVF_AB58D,1.62,AB,CD,BA,CD,4
1dvf,1DVF_AB98E,4.23,AB,CD,BA,CD,8
1dvf,1DVF_AB56N,1.17,AB,CD,BA,CD,0
1dvf,1DVF_AB99R,1.89,AB,CD,BA,CD,7
1dvf,1DVF_AB30T,0.92,AB,CD,BA,CD,4
1dvf,1DVF_AB52W,4.17,AB,CD,BA,CD,9
1dvf,1DVF_FB101Y,2.03,AB,CD,BA,CD,8
1dvf,1DVF_AB32Y,1.85,AB,CD,BA,CD,6
1dvf,1DVF_AC49Y,1.88,AB,CD,BA,CD,1
1dvf,1DVF_AD52D,1.7,AB,CD,BA,CD,6
1dvf,1DVF_AD33H,1.88,AB,CD,BA,CD,9
1dvf,1DVF_AD101I,2.71,AB,CD,BA,CD,2
1dvf,1DVF_AD30K,1.01,AB,CD,BA,CD,5
1dvf,1DVF_AD55N,1.88,AB,CD,BA,CD,3
1dvf,1DVF_AD104Q,1.64,AB,CD,BA,CD,5
1dvf,1DVF_AD106R,4.13,AB,CD,BA,CD,0
1dvf,1DVF_AD102Y,4.79,AB,CD,BA,CD,6
1ffw,1FFW_VA89A,0.09,A,B,A,B,0
1ffw,1FFW_KA12D,0.05,A,B,A,B,2
1ffw,1FFW_KA116E,0.71,A,B,A,B,5
1ffw,1FFW_KA92E,0.82,A,B,A,B,8
1ffw,1FFW_VA110F,1.26,A,B,A,B,7
1ffw,1FFW_IA111T,0.56,A,B,A,B,2
1ffw,1FFW_IA86T,-0.32,A,B,A,B,3
1ffw,1FFW_MA107V,1.13,A,B,A,B,3
1ffw,1FFW_WA105Y,0.71,A,B,A,B,4
1jrh,1JRH_QI35E,0.11,HL,I,HL,I,9
1jrh,1JRH_VI4T,-0.02,HL,I,HL,I,9
1jtg,1JTG_AA208K,0.82,A,B,A,B,2
1jtg,1JTG_AA217R,0.56,A,B,A,B,1
1jtg,1JTG_AA105S,0.5,A,B,A,B,1
1jtg,1JTG_AA209S,1.32,A,B,A,B,3
1jtg,1JTG_AB49D,1.98,A,B,A,B,0
1ktz,1KTZ_AB94D,0.9,A,B,A,B,2
1ktz,1KTZ_AB8D,1.4,A,B,A,B,9
1ktz,1KTZ_NB8D,1.7,A,B,A,B,2
1ktz,1KTZ_AB95E,1.4,A,B,A,B,8
1ktz,1KTZ_QB95E,1.7,A,B,A,B,3
1ktz,1KTZ_AB31E,1.3,A,B,A,B,8
1ktz,1KTZ_AB51E,1.0,A,B,A,B,4
1ktz,1KTZ_AB86F,0.9,A,B,A,B,0
1ktz,1KTZ_AB6F,2.9,A,B,A,B,9
1ktz,1KTZ_AB55H,0.4,A,B,A,B,0
1ktz,1KTZ_AB101I,0.5,A,B,A,B,3
1ktz,1KTZ_AB26I,1.9,A,B,A,B,1
1ktz,1KTZ_AB29I,1.2,A,B,A,B,9
1ktz,1KTZ_AB3L,1.9,A,B,A,B,1
1ktz,1KTZ_AB88M,0.8,A,B,A,B,7
1ktz,1KTZ_AB23N,0.3,A,B,A,B,9
1ktz,1KTZ_AB25S,0.5,A,B,A,B,9
1ktz,1KTZ_AB28S,0.4,A,B,A,B,9
1ktz,1KTZ_LB28S,3.7,A,B,A,B,3
1ktz,1KTZ_AB27T,1.3,A,B,A,B,7
1ktz,1KTZ_AB38V,0.7,A,B,A,B,9
1ktz,1KTZ_AB53V,0.5,A,B,A,B,4
1mhp,1MHP_WH99F,0.0,A,HL,HL,A,0
1mhp,1MHP_YH99F,0.76,A,HL,HL,A,0
1mhp,1MHP_FH100G,0.57,A,HL,HL,A,7
1mhp,1MHP_IH100G,8.0,A,HL,HL,A,5
1mhp,1MHP_LH100G,2.73,A,HL,HL,A,7
1mhp,1MHP_MH100G,0.1,A,HL,HL,A,5
1mhp,1MHP_SH100G,0.56,A,HL,HL,A,1
1mhp,1MHP_VH100G,8.0,A,HL,HL,A,9
1mhp,1MHP_SH102G,8.0,A,HL,HL,A,0
1mhp,1MHP_AH53G,0.51,A,HL,HL,A,0
1mhp,1MHP_NH53G,1.26,A,HL,HL,A,0
1mhp,1MHP_QH53G,8.0,A,HL,HL,A,2
1mhp,1MHP_SH53G,0.68,A,HL,HL,A,1
1mhp,1MHP_WH53G,8.0,A,HL,HL,A,9
1mhp,1MHP_IH54G,1.36,A,HL,HL,A,6
1mhp,1MHP_MH54G,8.0,A,HL,HL,A,3
1mhp,1MHP_NH54G,8.0,A,HL,HL,A,7
1mhp,1MHP_TH54G,1.17,A,HL,HL,A,3
1mhp,1MHP_YH54G,0.0,A,HL,HL,A,9
1mhp,1MHP_YH56H,8.0,A,HL,HL,A,8
1mhp,1MHP_DH64K,-0.12,A,HL,HL,A,8
1mhp,1MHP_EH64K,-0.16,A,HL,HL,A,2
1mhp,1MHP_NH64K,-0.07,A,HL,HL,A,9
1mhp,1MHP_QH64K,-0.16,A,HL,HL,A,8
1mhp,1MHP_DH60L,-0.12,A,HL,HL,A,0
1mhp,1MHP_QH31R,1.31,A,HL,HL,A,8
1mhp,1MHP_AH35S,1.58,A,HL,HL,A,6
1mhp,1MHP_QH35S,2.73,A,HL,HL,A,1
1mhp,1MHP_VH35S,8.0,A,HL,HL,A,8
1mhp,1MHP_MH52S,2.08,A,HL,HL,A,3
1mhp,1MHP_TH52S,8.0,A,HL,HL,A,0
1mhp,1MHP_NH33T,2.73,A,HL,HL,A,1
1mhp,1MHP_QH33T,8.0,A,HL,HL,A,9
1mhp,1MHP_VH33T,0.43,A,HL,HL,A,3
1mhp,1MHP_EH50T,8.0,A,HL,HL,A,4
1mhp,1MHP_QH50T,8.0,A,HL,HL,A,7
1mhp,1MHP_VH50T,-0.26,A,HL,HL,A,7
1mhp,1MHP_EH58Y,2.08,A,HL,HL,A,8
1mhp,1MHP_QH58Y,2.08,A,HL,HL,A,1
1mhp,1MHP_WH58Y,0.82,A,HL,HL,A,7
1mhp,1MHP_EH59Y,0.54,A,HL,HL,A,4
1mhp,1MHP_QL91G,1.58,A,HL,HL,A,2
1mhp,1MHP_SL91G,0.51,A,HL,HL,A,7
1mhp,1MHP_KL30H,1.17,A,HL,HL,A,1
1mhp,1MHP_RL30H,1.12,A,HL,HL,A,1
1mhp,1MHP_WL30H,1.26,A,HL,HL,A,2
1mhp,1MHP_FL48L,0.71,A,HL,HL,A,0
1mhp,1MHP_KL48L,0.93,A,HL,HL,A,6
1mhp,1MHP_WL48L,1.91,A,HL,HL,A,7
1mhp,1MHP_YL48L,8.0,A,HL,HL,A,0
1mhp,1MHP_KL29N,8.0,A,HL,HL,A,0
1mhp,1MHP_VL29N,1.05,A,HL,HL,A,9
1mhp,1MHP_WL29N,1.58,A,HL,HL,A,6
1mhp,1MHP_YL29N,1.91,A,HL,HL,A,6
1mhp,1MHP_DL51N,0.5,A,HL,HL,A,7
1mhp,1MHP_EL51N,-0.18,A,HL,HL,A,2
1mhp,1MHP_KL51N,0.66,A,HL,HL,A,5
1mhp,1MHP_RL51N,0.85,A,HL,HL,A,4
1mhp,1MHP_YL51N,-0.1,A,HL,HL,A,6
1mhp,1MHP_DL92N,8.0,A,HL,HL,A,8
1mhp,1MHP_RL23S,-0.07,A,HL,HL,A,6
1mhp,1MHP_QL27S,-0.67,A,HL,HL,A,9
1mhp,1MHP_KL90S,8.0,A,HL,HL,A,5
1mhp,1MHP_QL90S,1.78,A,HL,HL,A,7
1mhp,1MHP_RL90S,2.73,A,HL,HL,A,4
1mhp,1MHP_TL90S,2.32,A,HL,HL,A,9
1mhp,1MHP_WL90S,8.0,A,HL,HL,A,9
1mhp,1MHP_QL89W,2.08,A,HL,HL,A,7
1mlc,1MLC_DH65K,0.02,E,HL,HL,E,6
1mlc,1MLC_AH57S,-0.38,E,HL,HL,E,1
1mlc,1MLC_VH57S,-0.49,E,HL,HL,E,7
1mlc,1MLC_DH28T,-0.15,E,HL,HL,E,7
1mlc,1MLC_AH31T,0.45,E,HL,HL,E,5
1mlc,1MLC_VH31T,0.53,E,HL,HL,E,4
1mlc,1MLC_WH31T,0.13,E,HL,HL,E,3
1mlc,1MLC_DH58T,-0.56,E,HL,HL,E,8
1mlc,1MLC_GL32N,-0.85,E,HL,HL,E,8
1mlc,1MLC_YL32N,0.0,E,HL,HL,E,2
1mlc,1MLC_AL92N,-1.25,E,HL,HL,E,5
1n8z,1N8Z_AH31D,0.25,C,HL,HL,C,3
1n8z,1N8Z_AH102D,1.21,C,HL,HL,C,2
1n8z,1N8Z_WH102D,-0.69,C,HL,HL,C,8
1n8z,1N8Z_AH104F,1.17,C,HL,HL,C,2
1n8z,1N8Z_AH30K,0.61,C,HL,HL,C,3
1n8z,1N8Z_AH55N,-0.15,C,HL,HL,C,9
1n8z,1N8Z_AH50R,8.0,C,HL,HL,C,0
1n8z,1N8Z_AH32T,0.38,C,HL,HL,C,4
1n8z,1N8Z_AH54T,0.78,C,HL,HL,C,1
1n8z,1N8Z_AH99W,8.0,C,HL,HL,C,9
1n8z,1N8Z_AH105Y,8.0,C,HL,HL,C,7
1n8z,1N8Z_FH105Y,-0.05,C,HL,HL,C,5
1n8z,1N8Z_FH105Y,0.82,C,HL,HL,C,4
1n8z,1N8Z_VH109Y,0.22,C,HL,HL,C,8
1n8z,1N8Z_AH33Y,-0.09,C,HL,HL,C,1
1n8z,1N8Z_AH52Y,0.23,C,HL,HL,C,6
1n8z,1N8Z_AH57Y,0.87,C,HL,HL,C,4
1n8z,1N8Z_NL28D,-0.28,C,HL,HL,C,5
1n8z,1N8Z_NL53F,1.21,C,HL,HL,C,2
1n8z,1N8Z_AL91H,8.0,C,HL,HL,C,9
1n8z,1N8Z_FL91H,-0.43,C,HL,HL,C,4
1n8z,1N8Z_FL91H,0.03,C,HL,HL,C,1
1n8z,1N8Z_AL30N,1.12,C,HL,HL,C,8
1n8z,1N8Z_SL30N,0.06,C,HL,HL,C,8
1n8z,1N8Z_GL66R,0.22,C,HL,HL,C,6
1n8z,1N8Z_AL50S,-0.07,C,HL,HL,C,9
1n8z,1N8Z_AL52S,-0.31,C,HL,HL,C,8
1n8z,1N8Z_AL31T,0.8,C,HL,HL,C,7
1n8z,1N8Z_AL93T,0.82,C,HL,HL,C,6
1n8z,1N8Z_AL94T,-0.12,C,HL,HL,C,5
1n8z,1N8Z_SL94T,0.31,C,HL,HL,C,4
1n8z,1N8Z_AL49Y,1.05,C,HL,HL,C,8
1n8z,1N8Z_AL92Y,1.36,C,HL,HL,C,1
1n8z,1N8Z_FL92Y,-0.21,C,HL,HL,C,7
1vfb,1VFB_AC119D,1.0,C,HL,HL,C,4
1vfb,1VFB_AC18D,0.3,C,HL,HL,C,1
1vfb,1VFB_AC124I,1.2,C,HL,HL,C,1
1vfb,1VFB_AC116K,0.7,C,HL,HL,C,1
1vfb,1VFB_AC129L,0.2,C,HL,HL,C,2
1vfb,1VFB_AC19N,0.3,C,HL,HL,C,6
1vfb,1VFB_AC121Q,2.9,C,HL,HL,C,7
1vfb,1VFB_AC125R,1.8,C,HL,HL,C,0
1vfb,1VFB_AC24S,0.8,C,HL,HL,C,1
1vfb,1VFB_AC118T,0.8,C,HL,HL,C,0
1vfb,1VFB_AC120V,0.9,C,HL,HL,C,0
1vfb,1VFB_AC23Y,0.4,C,HL,HL,C,9
1vfb,1VFB_AH100D,2.9,C,HL,HL,C,9
1vfb,1VFB_AH54D,1.0,C,HL,HL,C,9
1vfb,1VFB_EH58D,0.08,C,HL,HL,C,3
1vfb,1VFB_NH58D,-0.13,C,HL,HL,C,1
1vfb,1VFB_AH31G,0.3,C,HL,HL,C,5
1vfb,1VFB_EH31G,-0.51,C,HL,HL,C,2
1vfb,1VFB_WH31G,0.01,C,HL,HL,C,4
1vfb,1VFB_WH99R,0.71,C,HL,HL,C,1
1vfb,1VFB_YH99R,1.26,C,HL,HL,C,9
1vfb,1VFB_DH28S,0.0,C,HL,HL,C,2
1vfb,1VFB_EH28S,-0.1,C,HL,HL,C,8
1vfb,1VFB_NH28S,0.15,C,HL,HL,C,3
1vfb,1VFB_QH28S,0.08,C,HL,HL,C,1
1vfb,1VFB_AH52W,0.9,C,HL,HL,C,2
1vfb,1VFB_AH101Y,4.0,C,HL,HL,C,2
1vfb,1VFB_FH101Y,1.6,C,HL,HL,C,5
1vfb,1VFB_AH32Y,1.1,C,HL,HL,C,8
1vfb,1VFB_EH32Y,1.91,C,HL,HL,C,3
1vfb,1VFB_DL46L,8.0,C,HL,HL,C,6
1vfb,1VFB_EL46L,8.0,C,HL,HL,C,8
1vfb,1VFB_WL31N,0.17,C,HL,HL,C,4
1vfb,1VFB_FL52T,0.47,C,HL,HL,C,0
1vfb,1VFB_RL53T,1.67,C,HL,HL,C,9
1vfb,1VFB_AL92W,3.3,C,HL,HL,C,7
1vfb,1VFB_AL32Y,1.7,C,HL,HL,C,3
1vfb,1VFB_WL32Y,8.0,C,HL,HL,C,6
1vfb,1VFB_AL50Y,0.5,C,HL,HL,C,1
1vfb,1VFB_KL50Y,1.67,C,HL,HL,C,5
1vfb,1VFB_RL50Y,0.85,C,HL,HL,C,0
1yy9,1YY9_AH56N,-0.06,A,HL,HL,A,3
1yy9,1YY9_EH61T,-0.06,A,HL,HL,A,7
1yy9,1YY9_AL93N,-0.74,A,HL,HL,A,0
1yy9,1YY9_DL26S,-0.2,A,HL,HL,A,7
1yy9,1YY9_EL31T,-0.52,A,HL,HL,A,2
2jel,2JEL_SP82A,0.0,HL,P,HL,P,5
2jel,2JEL_EP69D,0.96,HL,P,HL,P,3
2jel,2JEL_DP5E,0.41,HL,P,HL,P,7
2jel,2JEL_QP5E,0.72,HL,P,HL,P,0
2jel,2JEL_KP66E,4.13,HL,P,HL,P,0
2jel,2JEL_AP68E,0.41,HL,P,HL,P,5
2jel,2JEL_AP70E,2.75,HL,P,HL,P,8
2jel,2JEL_KP70E,4.13,HL,P,HL,P,3
2jel,2JEL_RP75E,2.75,HL,P,HL,P,7
2jel,2JEL_AP83E,0.0,HL,P,HL,P,8
2jel,2JEL_AP85E,0.0,HL,P,HL,P,6
2jel,2JEL_DP85E,0.0,HL,P,HL,P,9
2jel,2JEL_KP85E,0.0,HL,P,HL,P,3
2jel,2JEL_QP85E,0.0,HL,P,HL,P,8
2jel,2JEL_WP2F,2.64,HL,P,HL,P,1
2jel,2JEL_YP2F,0.0,HL,P,HL,P,6
2jel,2JEL_AP76H,-0.41,HL,P,HL,P,2
2jel,2JEL_DP76H,-0.66,HL,P,HL,P,0
2jel,2JEL_EP24K,0.0,HL,P,HL,P,5
2jel,2JEL_EP27K,0.0,HL,P,HL,P,3
2jel,2JEL_EP72K,0.41,HL,P,HL,P,5
2jel,2JEL_RP72K,0.0,HL,P,HL,P,9
2jel,2JEL_EP79K,0.41,HL,P,HL,P,0
2jel,2JEL_DP12N,0.0,HL,P,HL,P,3
2jel,2JEL_TP38N,0.0,HL,P,HL,P,8
2jel,2JEL_EP11P,0.0,HL,P,HL,P,7
2jel,2JEL_KP3Q,4.13,HL,P,HL,P,0
2jel,2JEL_KP4Q,1.38,HL,P,HL,P,4
2jel,2JEL_EP57Q,-0.41,HL,P,HL,P,1
2jel,2JEL_EP71Q,2.75,HL,P,HL,P,9
2jel,2JEL_GP17R,0.0,HL,P,HL,P,9
2jel,2JEL_KP17R,0.0,HL,P,HL,P,3
2jel,2JEL_CP41S,1.51,HL,P,HL,P,4
2jel,2JEL_CP43S,0.0,HL,P,HL,P,9
2jel,2JEL_CP46S,0.0,HL,P,HL,P,4
2jel,2JEL_TP64S,4.13,HL,P,HL,P,8
2jel,2JEL_QP34T,0.0,HL,P,HL,P,6
2jel,2JEL_QP36T,0.41,HL,P,HL,P,6
2jel,2JEL_AP62T,0.0,HL,P,HL,P,1
2jel,2JEL_NP62T,0.0,HL,P,HL,P,1
2jel,2JEL_NP7T,0.41,HL,P,HL,P,5
2jel,2JEL_SP7T,0.0,HL,P,HL,P,1
2jel,2JEL_FP6V,0.0,HL,P,HL,P,7
2nyy,2NYY_AA1030D,0.01,A,HL,HL,A,3
2nyy,2NYY_AA1034D,2.53,A,HL,HL,A,7
2nyy,2NYY_AA892E,2.84,A,HL,HL,A,2
2nyy,2NYY_AA889F,0.42,A,HL,HL,A,5
2nyy,2NYY_AA925F,4.06,A,HL,HL,A,4
2nyy,2NYY_AA1036H,7.32,A,HL,HL,A,2
2nyy,2NYY_AA928I,-0.01,A,HL,HL,A,5
2nyy,2NYY_AA1028K,-0.03,A,HL,HL,A,6
2nyy,2NYY_AA875K,0.29,A,HL,HL,A,7
2nyy,2NYY_AA895K,-0.14,A,HL,HL,A,4
2nyy,2NYY_AA891L,2.59,A,HL,HL,A,2
2nyy,2NYY_AA890N,0.89,A,HL,HL,A,7
2nyy,2NYY_AA926N,0.1,A,HL,HL,A,0
2nyy,2NYY_AA887Q,0.52,A,HL,HL,A,3
2nyy,2NYY_AA1033R,0.82,A,HL,HL,A,1
2nyy,2NYY_AA1266R,0.3,A,HL,HL,A,2
2nyy,2NYY_AA874S,-0.23,A,HL,HL,A,0
2nyy,2NYY_AA927S,0.0,A,HL,HL,A,6
2nyy,2NYY_AA1035T,1.62,A,HL,HL,A,8
2nyy,2NYY_RH29K,0.07,A,HL,HL,A,0
2nyy,2NYY_QH33M,-0.06,A,HL,HL,A,5
2nyy,2NYY_DH30Y,0.07,A,HL,HL,A,8
2nyy,2NYY_QH30Y,0.13,A,HL,HL,A,6
2nyy,2NYY_QH56Y,0.52,A,HL,HL,A,6
2nyy,2NYY_YL30D,0.65,A,HL,HL,A,5
2nyy,2NYY_RL34H,0.1,A,HL,HL,A,0
2nyy,2NYY_QL28S,0.42,A,HL,HL,A,7
2nyy,2NYY_NL31S,-0.36,A,HL,HL,A,6
2nz9,2NZ9_AA1030D,-0.03,A,HL,HL,A,3
2nz9,2NZ9_AA1034D,2.34,A,HL,HL,A,1
2nz9,2NZ9_AA892E,2.77,A,HL,HL,A,6
2nz9,2NZ9_AA889F,-0.05,A,HL,HL,A,3
2nz9,2NZ9_AA925F,3.34,A,HL,HL,A,2
2nz9,2NZ9_AA1036H,7.42,A,HL,HL,A,0
2nz9,2NZ9_AA928I,0.07,A,HL,HL,A,8
2nz9,2NZ9_AA1028K,-0.01,A,HL,HL,A,5
2nz9,2NZ9_AA875K,0.54,A,HL,HL,A,8
2nz9,2NZ9_AA895K,-0.3,A,HL,HL,A,3
2nz9,2NZ9_AA891L,2.28,A,HL,HL,A,0
2nz9,2NZ9_AA890N,2.16,A,HL,HL,A,1
2nz9,2NZ9_AA926N,-0.15,A,HL,HL,A,4
2nz9,2NZ9_AA887Q,0.1,A,HL,HL,A,7
2nz9,2NZ9_AA1033R,0.29,A,HL,HL,A,5
2nz9,2NZ9_AA1266R,0.39,A,HL,HL,A,0
2nz9,2NZ9_AA874S,-0.12,A,HL,HL,A,1
2nz9,2NZ9_AA927S,-0.08,A,HL,HL,A,0
2nz9,2NZ9_AA1035T,2.37,A,HL,HL,A,6
3bdy,3BDY_AH32D,0.2,HL,V,HL,V,9
3bdy,3BDY_AH103D,0.0,HL,V,HL,V,7
3bdy,3BDY_AH105F,0.7,HL,V,HL,V,8
3bdy,3BDY_AH101G,0.2,HL,V,HL,V,6
3bdy,3BDY_AH102G,-0.1,HL,V,HL,V,5
3bdy,3BDY_AH104G,0.8,HL,V,HL,V,7
3bdy,3BDY_AH31K,0.2,HL,V,HL,V,7
3bdy,3BDY_AH56N,-0.2,HL,V,HL,V,7
3bdy,3BDY_AH51R,-0.3,HL,V,HL,V,5
3bdy,3BDY_AH60R,-0.2,HL,V,HL,V,3
3bdy,3BDY_AH33T,-0.4,HL,V,HL,V,8
3bdy,3BDY_AH55T,-0.5,HL,V,HL,V,7
3bdy,3BDY_AH100W,2.0,HL,V,HL,V,6
3bdy,3BDY_AH106Y,0.5,HL,V,HL,V,5
3bdy,3BDY_AH34Y,0.3,HL,V,HL,V,7
3bdy,3BDY_AH53Y,0.4,HL,V,HL,V,3
3bdy,3BDY_AH58Y,0.2,HL,V,HL,V,2
3bdy,3BDY_AL28D,0.0,HL,V,HL,V,6
3bdy,3BDY_AL35G,1.2,HL,V,HL,V,3
3bdy,3BDY_AL55G,1.0,HL,V,HL,V,2
3bdy,3BDY_AL95H,2.0,HL,V,HL,V,8
3bdy,3BDY_AL29I,1.1,HL,V,HL,V,1
3bdy,3BDY_AL33I,0.8,HL,V,HL,V,4
3bdy,3BDY_AL30P,0.2,HL,V,HL,V,6
3bdy,3BDY_AL31R,-0.2,HL,V,HL,V,0
3bdy,3BDY_AL32S,1.0,HL,V,HL,V,5
3bdy,3BDY_AL34S,1.3,HL,V,HL,V,0
3bdy,3BDY_AL56S,0.1,HL,V,HL,V,9
3bdy,3BDY_AL97T,-0.3,HL,V,HL,V,0
3bdy,3BDY_AL98T,0.0,HL,V,HL,V,2
3bdy,3BDY_AL54W,1.3,HL,V,HL,V,5
3bdy,3BDY_AL36Y,1.7,HL,V,HL,V,4
3bdy,3BDY_AL57Y,0.7,HL,V,HL,V,9
3bdy,3BDY_AL96Y,1.4,HL,V,HL,V,9
3be1,3BE1_AH31D,0.4,A,HL,HL,A,9
3be1,3BE1_AH102D,-0.1,A,HL,HL,A,8
3be1,3BE1_AH104F,1.9,A,HL,HL,A,0
3be1,3BE1_AH100G,0.1,A,HL,HL,A,6
3be1,3BE1_AH101G,0.3,A,HL,HL,A,9
3be1,3BE1_AH103G,1.8,A,HL,HL,A,1
3be1,3BE1_AH30K,-0.3,A,HL,HL,A,8
3be1,3BE1_AH55N,-0.8,A,HL,HL,A,2
3be1,3BE1_AH50R,2.4,A,HL,HL,A,0
3be1,3BE1_AH59R,2.5,A,HL,HL,A,8
3be1,3BE1_AH32T,-0.4,A,HL,HL,A,9
3be1,3BE1_AH54T,0.1,A,HL,HL,A,6
3be1,3BE1_AH99W,1.8,A,HL,HL,A,7
3be1,3BE1_AH105Y,1.2,A,HL,HL,A,1
3be1,3BE1_AH33Y,2.4,A,HL,HL,A,3
3be1,3BE1_AH52Y,-0.8,A,HL,HL,A,9
3be1,3BE1_AH57Y,1.8,A,HL,HL,A,6
3be1,3BE1_AL28D,0.0,A,HL,HL,A,2
3be1,3BE1_AL35G,0.3,A,HL,HL,A,8
3be1,3BE1_AL55G,-0.3,A,HL,HL,A,6
3be1,3BE1_AL95H,0.9,A,HL,HL,A,3
3be1,3BE1_AL29I,-0.2,A,HL,HL,A,4
3be1,3BE1_AL33I,0.9,A,HL,HL,A,4
3be1,3BE1_AL30P,0.1,A,HL,HL,A,5
3be1,3BE1_AL31R,-0.2,A,HL,HL,A,5
3be1,3BE1_AL32S,0.3,A,HL,HL,A,4
3be1,3BE1_AL34S,-0.2,A,HL,HL,A,6
3be1,3BE1_AL56S,0.3,A,HL,HL,A,9
3be1,3BE1_AL97T,-0.4,A,HL,HL,A,1
3be1,3BE1_AL98T,1.4,A,HL,HL,A,3
3be1,3BE1_AL54W,1.4,A,HL,HL,A,2
3be1,3BE1_AL36Y,-0.8,A,HL,HL,A,6
3be1,3BE1_AL57Y,0.9,A,HL,HL,A,4
3be1,3BE1_AL96Y,0.5,A,HL,HL,A,7
3bn9,3BN9_AA214D,0.57,A,HL,HL,A,0
3bn9,3BN9_AA46D,0.42,A,HL,HL,A,7
3bn9,3BN9_AA47D,0.31,A,HL,HL,A,7
3bn9,3BN9_AA91D,6.7,A,HL,HL,A,9
3bn9,3BN9_AA163E,0.37,A,HL,HL,A,6
3bn9,3BN9_AA50F,-0.05,A,HL,HL,A,9
3bn9,3BN9_AA89F,0.64,A,HL,HL,A,3
3bn9,3BN9_AA92F,6.7,A,HL,HL,A,6
3bn9,3BN9_AA138H,0.09,A,HL,HL,A,6
3bn9,3BN9_AA26I,0.0,A,HL,HL,A,5
3bn9,3BN9_AA45I,0.84,A,HL,HL,A,2
3bn9,3BN9_AA221K,0.79,A,HL,HL,A,3
3bn9,3BN9_AA147L,0.34,A,HL,HL,A,8
3bn9,3BN9_AA90N,0.77,A,HL,HL,A,4
3bn9,3BN9_AA140Q,0.13,A,HL,HL,A,6
3bn9,3BN9_AA168Q,-0.03,A,HL,HL,A,7
3bn9,3BN9_AA169Q,2.51,A,HL,HL,A,0
3bn9,3BN9_AA218Q,0.71,A,HL,HL,A,6
3bn9,3BN9_AA23Q,-0.42,A,HL,HL,A,9
3bn9,3BN9_AA219R,-0.09,A,HL,HL,A,3
3bn9,3BN9_AA48R,-0.05,A,HL,HL,A,5
3bn9,3BN9_AA51R,-0.07,A,HL,HL,A,2
3bn9,3BN9_AA82R,-0.16,A,HL,HL,A,5
3bn9,3BN9_AA144T,0.29,A,HL,HL,A,0
3bn9,3BN9_AA93T,1.13,A,HL,HL,A,7
3bn9,3BN9_AA141Y,1.09,A,HL,HL,A,8
3bn9,3BN9_AA52Y,0.02,A,HL,HL,A,1
3bn9,3BN9_HH104P,8.0,A,HL,HL,A,2
3bn9,3BN9_VH105Q,1.36,A,HL,HL,A,4
3bn9,3BN9_GH30S,1.36,A,HL,HL,A,0
3bn9,3BN9_NH30S,1.36,A,HL,HL,A,2
3bn9,3BN9_RH28T,0.3,A,HL,HL,A,0
3bn9,3BN9_QH102T,0.0,A,HL,HL,A,1
3bn9,3BN9_RH102T,-0.06,A,HL,HL,A,8
3bn9,3BN9_SH103Y,0.41,A,HL,HL,A,5
3hfm,3HFM_AH95C,5.52,HL,Y,HL,Y,2
3hfm,3HFM_FH95C,3.25,HL,Y,HL,Y,0
3hfm,3HFM_AH32D,1.9,HL,Y,HL,Y,2
3hfm,3HFM_NH32D,0.17,HL,Y,HL,Y,2
3hfm,3HFM_AH31S,0.17,HL,Y,HL,Y,6
3hfm,3HFM_AH33Y,6.0,HL,Y,HL,Y,2
3hfm,3HFM_AH50Y,8.0,HL,Y,HL,Y,5
3hfm,3HFM_AL31N,5.22,HL,Y,HL,Y,9
3hfm,3HFM_DL31N,1.34,HL,Y,HL,Y,7
3hfm,3HFM_EL31N,5.67,HL,Y,HL,Y,1
3hfm,3HFM_AL32N,5.11,HL,Y,HL,Y,3
3hfm,3HFM_AL53Q,0.95,HL,Y,HL,Y,7
3hfm,3HFM_AL50Y,4.57,HL,Y,HL,Y,7
3hfm,3HFM_FL50Y,2.36,HL,Y,HL,Y,0
3hfm,3HFM_LL50Y,4.4,HL,Y,HL,Y,8
3hfm,3HFM_AL96Y,2.71,HL,Y,HL,Y,4
3hfm,3HFM_FL96Y,1.4,HL,Y,HL,Y,9
3hfm,3HFM_AY96K,6.83,HL,Y,HL,Y,4
3hfm,3HFM_AY97K,6.18,HL,Y,HL,Y,6
3hfm,3HFM_MY97K,1.09,HL,Y,HL,Y,9
3hfm,3HFM_AY21R,1.03,HL,Y,HL,Y,7
3hfm,3HFM_AY20Y,4.87,HL,Y,HL,Y,8
3k2m,3K2M_AD52E,2.5,A,D,A,D,6
3k2m,3K2M_AD88M,4.0,A,D,A,D,3
3k2m,3K2M_AD38R,2.5,A,D,A,D,2
3k2m,3K2M_AD80W,4.0,A,D,A,D,6
3k2m,3K2M_AD35Y,1.0,A,D,A,D,3
3k2m,3K2M_AD36Y,3.7,A,D,A,D,4
3k2m,3K2M_AD87Y,4.0,A,D,A,D,2
3ngb,3NGB_GH57A,-0.06,G,HL,HL,G,8
3ngb,3NGB_SH55G,0.73,G,HL,HL,G,0
3ngb,3NGB_TH30I,0.08,G,HL,HL,G,9
3ngb,3NGB_NH52K,0.18,G,HL,HL,G,8
3ngb,3NGB_KH63P,0.23,G,HL,HL,G,3
3ngb,3NGB_NH54R,0.05,G,HL,HL,G,5
3ngb,3NGB_QH62R,0.1,G,HL,HL,G,9
3ngb,3NGB_YH33T,0.08,G,HL,HL,G,9
3ngb,3NGB_TH58V,0.14,G,HL,HL,G,4
3ngb,3NGB_TH74V,0.16,G,HL,HL,G,0
3ngb,3NGB_SH75Y,0.33,G,HL,HL,G,2
3nps,3NPS_AA214D,1.48,A,BC,BC,A,0
3nps,3NPS_AA46D,0.34,A,BC,BC,A,7
3nps,3NPS_AA47D,1.08,A,BC,BC,A,7
3nps,3NPS_AA91D,1.52,A,BC,BC,A,4
3nps,3NPS_AA163E,0.62,A,BC,BC,A,8
3nps,3NPS_AA50F,0.22,A,BC,BC,A,1
3nps,3NPS_AA89F,1.61,A,BC,BC,A,7
3nps,3NPS_AA92F,0.47,A,BC,BC,A,5
3nps,3NPS_AA138H,1.89,A,BC,BC,A,3
3nps,3NPS_AA26I,0.65,A,BC,BC,A,3
3nps,3NPS_AA45I,-0.34,A,BC,BC,A,1
3nps,3NPS_AA221K,-0.1,A,BC,BC,A,2
3nps,3NPS_AA147L,0.3,A,BC,BC,A,1
3nps,3NPS_AA90N,0.26,A,BC,BC,A,0
3nps,3NPS_AA140Q,0.3,A,BC,BC,A,0
3nps,3NPS_AA168Q,-0.06,A,BC,BC,A,4
3nps,3NPS_AA169Q,0.75,A,BC,BC,A,8
3nps,3NPS_AA218Q,-0.04,A,BC,BC,A,4
3nps,3NPS_AA23Q,0.03,A,BC,BC,A,1
3nps,3NPS_AA219R,-0.08,A,BC,BC,A,8
3nps,3NPS_AA48R,-1.07,A,BC,BC,A,3
3nps,3NPS_AA51R,0.14,A,BC,BC,A,3
3nps,3NPS_AA82R,-0.15,A,BC,BC,A,0
3nps,3NPS_AA144T,0.18,A,BC,BC,A,5
3nps,3NPS_AA93T,0.73,A,BC,BC,A,7
3nps,3NPS_AA141Y,1.79,A,BC,BC,A,9
3nps,3NPS_AA52Y,0.46,A,BC,BC,A,3
HM_1ktz,HM_1KTZ_AB94D,0.8,A,B,A,B,5
HM_1ktz,HM_1KTZ_AB8D,1.5,A,B,A,B,9
HM_1ktz,HM_1KTZ_NB8D,2.0,A,B,A,B,7
HM_1ktz,HM_1KTZ_AB95E,1.5,A,B,A,B,0
HM_1ktz,HM_1KTZ_QB95E,1.6,A,B,A,B,9
HM_1ktz,HM_1KTZ_AB31E,1.2,A,B,A,B,3
HM_1ktz,HM_1KTZ_AB51E,1.1,A,B,A,B,9
HM_1ktz,HM_1KTZ_AB86F,0.9,A,B,A,B,8
HM_1ktz,HM_1KTZ_AB6F,3.0,A,B,A,B,4
HM_1ktz,HM_1KTZ_AB55H,0.3,A,B,A,B,2
HM_1ktz,HM_1KTZ_AB101I,0.5,A,B,A,B,0
HM_1ktz,HM_1KTZ_AB26I,1.9,A,B,A,B,3
HM_1ktz,HM_1KTZ_AB29I,1.4,A,B,A,B,5
HM_1ktz,HM_1KTZ_AB3L,1.8,A,B,A,B,9
HM_1ktz,HM_1KTZ_AB88M,0.9,A,B,A,B,1
HM_1ktz,HM_1KTZ_AB23N,0.3,A,B,A,B,7
HM_1ktz,HM_1KTZ_AB25S,0.3,A,B,A,B,7
HM_1ktz,HM_1KTZ_AB28S,0.2,A,B,A,B,1
HM_1ktz,HM_1KTZ_LB28S,4.0,A,B,A,B,0
HM_1ktz,HM_1KTZ_AB27T,1.5,A,B,A,B,2
HM_1ktz,HM_1KTZ_AB38V,0.7,A,B,A,B,8
HM_1ktz,HM_1KTZ_AB53V,0.4,A,B,A,B,3
HM_1yy9,HM_1YY9_WH98A,-0.23,A,HL,HL,A,1
HM_1yy9,HM_1YY9_DH33G,-0.89,A,HL,HL,A,8
HM_1yy9,HM_1YY9_GH51I,-0.51,A,HL,HL,A,0
HM_1yy9,HM_1YY9_DH97R,-0.99,A,HL,HL,A,2
HM_1yy9,HM_1YY9_YH100T,-0.45,A,HL,HL,A,8
HM_1yy9,HM_1YY9_GH57T,-0.46,A,HL,HL,A,5
HM_1yy9,HM_1YY9_PH57T,-0.48,A,HL,HL,A,8
HM_1yy9,HM_1YY9_LH50V,-0.6,A,HL,HL,A,1
HM_1yy9,HM_1YY9_QH50V,-0.64,A,HL,HL,A,2
HM_1yy9,HM_1YY9_RH32Y,-0.13,A,HL,HL,A,0
HM_1yy9,HM_1YY9_VL25A,-0.62,A,HL,HL,A,1
HM_1yy9,HM_1YY9_YL30G,-0.92,A,HL,HL,A,2
HM_1yy9,HM_1YY9_YL27Q,-0.83,A,HL,HL,A,3
HM_1yy9,HM_1YY9_CL97T,-0.51,A,HL,HL,A,2
HM_1yy9,HM_1YY9_DL97T,-0.66,A,HL,HL,A,0
HM_1yy9,HM_1YY9_SL97T,-0.7,A,HL,HL,A,3
HM_2nyy,HM_2NYY_AA1061D,-0.14,A,HL,HL,A,3
HM_2nyy,HM_2NYY_AA901D,-0.49,A,HL,HL,A,6
HM_2nyy,HM_2NYY_AA919E,0.5,A,HL,HL,A,9
HM_2nyy,HM_2NYY_AA952F,1.53,A,HL,HL,A,8
HM_2nyy,HM_2NYY_AA916I,0.95,A,HL,HL,A,4
HM_2nyy,HM_2NYY_AA914K,-0.31,A,HL,HL,A,6
HM_2nyy,HM_2NYY_AA954K,-0.5,A,HL,HL,A,7
HM_2nyy,HM_2NYY_AA918L,0.41,A,HL,HL,A,2
HM_2nyy,HM_2NYY_AA917N,0.3,A,HL,HL,A,3
HM_2nyy,HM_2NYY_AA956N,0.01,A,HL,HL,A,4
HM_2nyy,HM_2NYY_AA1062P,0.24,A,HL,HL,A,2
HM_2nyy,HM_2NYY_AA1060R,0.58,A,HL,HL,A,1
HM_2nyy,HM_2NYY_AA1063R,4.44,A,HL,HL,A,9
HM_2nyy,HM_2NYY_AA902R,-0.02,A,HL,HL,A,1
HM_2nyy,HM_2NYY_AA953S,-0.66,A,HL,HL,A,9
HM_2nyy,HM_2NYY_AA922T,0.62,A,HL,HL,A,7
HM_2nyy,HM_2NYY_RH29K,0.51,A,HL,HL,A,8
HM_2nyy,HM_2NYY_QH33M,-0.01,A,HL,HL,A,1
HM_2nyy,HM_2NYY_DH30Y,0.97,A,HL,HL,A,7
HM_2nyy,HM_2NYY_QH30Y,1.33,A,HL,HL,A,3
HM_2nyy,HM_2NYY_QH56Y,1.19,A,HL,HL,A,1
HM_2nyy,HM_2NYY_YL30D,0.6,A,HL,HL,A,1
HM_2nyy,HM_2NYY_RL34H,0.63,A,HL,HL,A,7
HM_2nyy,HM_2NYY_QL28S,0.7,A,HL,HL,A,4
HM_2nyy,HM_2NYY_NL31S,1.2,A,HL,HL,A,3
HM_2nz9,HM_2NZ9_AA1061D,-0.14,A,HL,HL,A,5
HM_2nz9,HM_2NZ9_AA901D,-0.49,A,HL,HL,A,9
HM_2nz9,HM_2NZ9_AA919E,0.5,A,HL,HL,A,5
HM_2nz9,HM_2NZ9_AA952F,1.53,A,HL,HL,A,6
HM_2nz9,HM_2NZ9_AA916I,0.95,A,HL,HL,A,8
HM_2nz9,HM_2NZ9_AA914K,-0.31,A,HL,HL,A,6
HM_2nz9,HM_2NZ9_AA954K,-0.5,A,HL,HL,A,0
HM_2nz9,HM_2NZ9_AA918L,0.41,A,HL,HL,A,0
HM_2nz9,HM_2NZ9_AA917N,0.3,A,HL,HL,A,5
HM_2nz9,HM_2NZ9_AA956N,0.01,A,HL,HL,A,5
HM_2nz9,HM_2NZ9_AA1062P,0.24,A,HL,HL,A,3
HM_2nz9,HM_2NZ9_AA1060R,0.58,A,HL,HL,A,4
HM_2nz9,HM_2NZ9_AA1063R,4.44,A,HL,HL,A,9
HM_2nz9,HM_2NZ9_AA902R,-0.02,A,HL,HL,A,2
HM_2nz9,HM_2NZ9_AA953S,-0.66,A,HL,HL,A,0
HM_2nz9,HM_2NZ9_AA922T,0.62,A,HL,HL,A,5
HM_3bn9,HM_3BN9_HH104P,1.36,A,HL,HL,A,5
HM_3bn9,HM_3BN9_VH105Q,0.41,A,HL,HL,A,1
HM_3bn9,HM_3BN9_GH30S,0.71,A,HL,HL,A,1
HM_3bn9,HM_3BN9_NH30S,0.71,A,HL,HL,A,8
HM_3bn9,HM_3BN9_RH28T,-0.24,A,HL,HL,A,1
HM_3bn9,HM_3BN9_QH102T,-0.16,A,HL,HL,A,1
HM_3bn9,HM_3BN9_RH102T,-1.57,A,HL,HL,A,5
HM_3bn9,HM_3BN9_SH103Y,0.54,A,HL,HL,A,1
